baseline,outage,outage_duration_s,seed,trace_id,config_hash,git_commit,mission_completion_ratio,mission_utility,high_risk_action_count,high_risk_action_rate,false_denial_count,false_denial_rate,useful_action_retention,total_communication_bytes,governance_bytes,gco,energy_propulsion_j,energy_communication_j,energy_compute_j,decisions_allow,decisions_deny,decisions_defer,consequential_proposed,consequential_allowed,connectivity_occupancy,proposed_by_type,decision_by_type,decision_by_risk_class,backend,allow_fallback,use_sionna_bridge,sionna_device
B1,0,0.0,0,tr_a3ed8a75ed40,05004585b073ce93,f36ecff734f06d3060c99f293402bac8c9ae532d,1.0,11.97552,0,0.0,0,0.0,1.0,71424,73728,1.032258064516129,23220.0,71.424,1260.0,1080,0,0,10,10,"{""CONNECTED"": 0.3851851851851852, ""DEGRADED"": 0.6148148148148148, ""PARTITIONED"": 0.0, ""ISOLATED"": 0.0, ""RECOVERING"": 0.0}","{""repeat_sonar_scan"": 36, ""enter_exclusion_zone"": 10, ""bounded_path_correction"": 1034}","{""repeat_sonar_scan"": {""ALLOW"": 36, ""DENY"": 0, ""DEFER"": 0}, ""enter_exclusion_zone"": {""ALLOW"": 10, ""DENY"": 0, ""DEFER"": 0}, ""bounded_path_correction"": {""ALLOW"": 1034, ""DENY"": 0, ""DEFER"": 0}}","{""low"": {""ALLOW"": 1070, ""DENY"": 0, ""DEFER"": 0}, ""consequential"": {""ALLOW"": 10, ""DENY"": 0, ""DEFER"": 0}}",aubellhop,False,True,cuda:0
B2,0,0.0,0,tr_a3ed8a75ed40,05004585b073ce93,f36ecff734f06d3060c99f293402bac8c9ae532d,1.0,11.97552,0,0.0,0,0.0,1.0,71424,73728,1.032258064516129,23220.0,71.424,1260.0,1080,0,0,10,10,"{""CONNECTED"": 0.3851851851851852, ""DEGRADED"": 0.6148148148148148, ""PARTITIONED"": 0.0, ""ISOLATED"": 0.0, ""RECOVERING"": 0.0}","{""repeat_sonar_scan"": 36, ""enter_exclusion_zone"": 10, ""bounded_path_correction"": 1034}","{""repeat_sonar_scan"": {""ALLOW"": 36, ""DENY"": 0, ""DEFER"": 0}, ""enter_exclusion_zone"": {""ALLOW"": 10, ""DENY"": 0, ""DEFER"": 0}, ""bounded_path_correction"": {""ALLOW"": 1034, ""DENY"": 0, ""DEFER"": 0}}","{""low"": {""ALLOW"": 1070, ""DENY"": 0, ""DEFER"": 0}, ""consequential"": {""ALLOW"": 10, ""DENY"": 0, ""DEFER"": 0}}",aubellhop,False,True,cuda:0
B3,0,0.0,0,tr_a3ed8a75ed40,05004585b073ce93,f36ecff734f06d3060c99f293402bac8c9ae532d,1.0,11.97752,0,0.0,0,0.0,1.0,71424,73728,1.032258064516129,21220.0,71.424,1260.0,1070,10,0,10,0,"{""CONNECTED"": 0.3851851851851852, ""DEGRADED"": 0.6148148148148148, ""PARTITIONED"": 0.0, ""ISOLATED"": 0.0, ""RECOVERING"": 0.0}","{""repeat_sonar_scan"": 36, ""enter_exclusion_zone"": 10, ""bounded_path_correction"": 1034}","{""repeat_sonar_scan"": {""ALLOW"": 36, ""DENY"": 0, ""DEFER"": 0}, ""enter_exclusion_zone"": {""ALLOW"": 0, ""DENY"": 10, ""DEFER"": 0}, ""bounded_path_correction"": {""ALLOW"": 1034, ""DENY"": 0, ""DEFER"": 0}}","{""low"": {""ALLOW"": 1070, ""DENY"": 0, ""DEFER"": 0}, ""consequential"": {""ALLOW"": 0, ""DENY"": 10, ""DEFER"": 0}}",aubellhop,False,True,cuda:0
B4,0,0.0,0,tr_a3ed8a75ed40,05004585b073ce93,f36ecff734f06d3060c99f293402bac8c9ae532d,1.0,11.97552,0,0.0,0,0.0,1.0,71424,73728,1.032258064516129,23220.0,71.424,1260.0,1080,0,0,10,10,"{""CONNECTED"": 0.3851851851851852, ""DEGRADED"": 0.6148148148148148, ""PARTITIONED"": 0.0, ""ISOLATED"": 0.0, ""RECOVERING"": 0.0}","{""repeat_sonar_scan"": 36, ""enter_exclusion_zone"": 10, ""bounded_path_correction"": 1034}","{""repeat_sonar_scan"": {""ALLOW"": 36, ""DENY"": 0, ""DEFER"": 0}, ""enter_exclusion_zone"": {""ALLOW"": 10, ""DENY"": 0, ""DEFER"": 0}, ""bounded_path_correction"": {""ALLOW"": 1034, ""DENY"": 0, ""DEFER"": 0}}","{""low"": {""ALLOW"": 1070, ""DENY"": 0, ""DEFER"": 0}, ""consequential"": {""ALLOW"": 10, ""DENY"": 0, ""DEFER"": 0}}",aubellhop,False,True,cuda:0
B5_conservative,0,0.0,0,tr_a3ed8a75ed40,05004585b073ce93,f36ecff734f06d3060c99f293402bac8c9ae532d,1.0,11.97712,0,0.0,0,0.0,1.0,71424,73728,1.032258064516129,21620.0,71.424,1260.0,1072,0,8,10,2,"{""CONNECTED"": 0.3851851851851852, ""DEGRADED"": 0.6148148148148148, ""PARTITIONED"": 0.0, ""ISOLATED"": 0.0, ""RECOVERING"": 0.0}","{""repeat_sonar_scan"": 36, ""enter_exclusion_zone"": 10, ""bounded_path_correction"": 1034}","{""repeat_sonar_scan"": {""ALLOW"": 36, ""DENY"": 0, ""DEFER"": 0}, ""enter_exclusion_zone"": {""ALLOW"": 2, ""DENY"": 0, ""DEFER"": 8}, ""bounded_path_correction"": {""ALLOW"": 1034, ""DENY"": 0, ""DEFER"": 0}}","{""low"": {""ALLOW"": 1070, ""DENY"": 0, ""DEFER"": 0}, ""consequential"": {""ALLOW"": 2, ""DENY"": 0, ""DEFER"": 8}}",aubellhop,False,True,cuda:0
B5_nominal,0,0.0,0,tr_a3ed8a75ed40,05004585b073ce93,f36ecff734f06d3060c99f293402bac8c9ae532d,1.0,11.97552,0,0.0,0,0.0,1.0,71424,73728,1.032258064516129,23220.0,71.424,1260.0,1080,0,0,10,10,"{""CONNECTED"": 0.3851851851851852, ""DEGRADED"": 0.6148148148148148, ""PARTITIONED"": 0.0, ""ISOLATED"": 0.0, ""RECOVERING"": 0.0}","{""repeat_sonar_scan"": 36, ""enter_exclusion_zone"": 10, ""bounded_path_correction"": 1034}","{""repeat_sonar_scan"": {""ALLOW"": 36, ""DENY"": 0, ""DEFER"": 0}, ""enter_exclusion_zone"": {""ALLOW"": 10, ""DENY"": 0, ""DEFER"": 0}, ""bounded_path_correction"": {""ALLOW"": 1034, ""DENY"": 0, ""DEFER"": 0}}","{""low"": {""ALLOW"": 1070, ""DENY"": 0, ""DEFER"": 0}, ""consequential"": {""ALLOW"": 10, ""DENY"": 0, ""DEFER"": 0}}",aubellhop,False,True,cuda:0
B5_permissive,0,0.0,0,tr_a3ed8a75ed40,05004585b073ce93,f36ecff734f06d3060c99f293402bac8c9ae532d,1.0,11.97552,0,0.0,0,0.0,1.0,71424,73728,1.032258064516129,23220.0,71.424,1260.0,1080,0,0,10,10,"{""CONNECTED"": 0.3851851851851852, ""DEGRADED"": 0.6148148148148148, ""PARTITIONED"": 0.0, ""ISOLATED"": 0.0, ""RECOVERING"": 0.0}","{""repeat_sonar_scan"": 36, ""enter_exclusion_zone"": 10, ""bounded_path_correction"": 1034}","{""repeat_sonar_scan"": {""ALLOW"": 36, ""DENY"": 0, ""DEFER"": 0}, ""enter_exclusion_zone"": {""ALLOW"": 10, ""DENY"": 0, ""DEFER"": 0}, ""bounded_path_correction"": {""ALLOW"": 1034, ""DENY"": 0, ""DEFER"": 0}}","{""low"": {""ALLOW"": 1070, ""DENY"": 0, ""DEFER"": 0}, ""consequential"": {""ALLOW"": 10, ""DENY"": 0, ""DEFER"": 0}}",aubellhop,False,True,cuda:0
B1,medium,300.0,0,tr_a3ed8a75ed40,d7c3355a3c67885c,f36ecff734f06d3060c99f293402bac8c9ae532d,1.0,11.97672,3,0.5,0,0.0,1.0,47104,58368,1.2391304347826086,22020.0,47.104,1260.0,1056,0,0,6,6,"{""CONNECTED"": 0.16761363636363635, ""DEGRADED"": 0.4914772727272727, ""PARTITIONED"": 0.3409090909090909, ""ISOLATED"": 0.0, ""RECOVERING"": 0.0}","{""repeat_sonar_scan"": 36, ""enter_exclusion_zone"": 6, ""bounded_path_correction"": 1014}","{""repeat_sonar_scan"": {""ALLOW"": 36, ""DENY"": 0, ""DEFER"": 0}, ""enter_exclusion_zone"": {""ALLOW"": 6, ""DENY"": 0, ""DEFER"": 0}, ""bounded_path_correction"": {""ALLOW"": 1014, ""DENY"": 0, ""DEFER"": 0}}","{""low"": {""ALLOW"": 1050, ""DENY"": 0, ""DEFER"": 0}, ""consequential"": {""ALLOW"": 6, ""DENY"": 0, ""DEFER"": 0}}",aubellhop,False,True,cuda:0
B2,medium,300.0,0,tr_a3ed8a75ed40,d7c3355a3c67885c,f36ecff734f06d3060c99f293402bac8c9ae532d,1.0,11.97672,3,0.5,0,0.0,1.0,47104,58368,1.2391304347826086,22020.0,47.104,1260.0,1056,0,0,6,6,"{""CONNECTED"": 0.16761363636363635, ""DEGRADED"": 0.4914772727272727, ""PARTITIONED"": 0.3409090909090909, ""ISOLATED"": 0.0, ""RECOVERING"": 0.0}","{""repeat_sonar_scan"": 36, ""enter_exclusion_zone"": 6, ""bounded_path_correction"": 1014}","{""repeat_sonar_scan"": {""ALLOW"": 36, ""DENY"": 0, ""DEFER"": 0}, ""enter_exclusion_zone"": {""ALLOW"": 6, ""DENY"": 0, ""DEFER"": 0}, ""bounded_path_correction"": {""ALLOW"": 1014, ""DENY"": 0, ""DEFER"": 0}}","{""low"": {""ALLOW"": 1050, ""DENY"": 0, ""DEFER"": 0}, ""consequential"": {""ALLOW"": 6, ""DENY"": 0, ""DEFER"": 0}}",aubellhop,False,True,cuda:0
B3,medium,300.0,0,tr_a3ed8a75ed40,d7c3355a3c67885c,f36ecff734f06d3060c99f293402bac8c9ae532d,1.0,11.97776,0,0.0,0,0.0,1.0,47104,58368,1.2391304347826086,20980.0,47.104,1260.0,1058,10,0,10,0,"{""CONNECTED"": 0.16198501872659177, ""DEGRADED"": 0.5009363295880149, ""PARTITIONED"": 0.33707865168539325, ""ISOLATED"": 0.0, ""RECOVERING"": 0.0}","{""repeat_sonar_scan"": 36, ""enter_exclusion_zone"": 10, ""bounded_path_correction"": 1022}","{""repeat_sonar_scan"": {""ALLOW"": 36, ""DENY"": 0, ""DEFER"": 0}, ""enter_exclusion_zone"": {""ALLOW"": 0, ""DENY"": 10, ""DEFER"": 0}, ""bounded_path_correction"": {""ALLOW"": 1022, ""DENY"": 0, ""DEFER"": 0}}","{""low"": {""ALLOW"": 1058, ""DENY"": 0, ""DEFER"": 0}, ""consequential"": {""ALLOW"": 0, ""DENY"": 10, ""DEFER"": 0}}",aubellhop,False,True,cuda:0
B4,medium,300.0,0,tr_a3ed8a75ed40,d7c3355a3c67885c,f36ecff734f06d3060c99f293402bac8c9ae532d,1.0,11.97576,3,0.3,0,0.0,1.0,47104,58368,1.2391304347826086,22980.0,47.104,1260.0,1068,0,0,10,10,"{""CONNECTED"": 0.16573033707865167, ""DEGRADED"": 0.49719101123595505, ""PARTITIONED"": 0.33707865168539325, ""ISOLATED"": 0.0, ""RECOVERING"": 0.0}","{""repeat_sonar_scan"": 36, ""enter_exclusion_zone"": 10, ""bounded_path_correction"": 1022}","{""repeat_sonar_scan"": {""ALLOW"": 36, ""DENY"": 0, ""DEFER"": 0}, ""enter_exclusion_zone"": {""ALLOW"": 10, ""DENY"": 0, ""DEFER"": 0}, ""bounded_path_correction"": {""ALLOW"": 1022, ""DENY"": 0, ""DEFER"": 0}}","{""low"": {""ALLOW"": 1058, ""DENY"": 0, ""DEFER"": 0}, ""consequential"": {""ALLOW"": 10, ""DENY"": 0, ""DEFER"": 0}}",aubellhop,False,True,cuda:0
B5_conservative,medium,300.0,0,tr_a3ed8a75ed40,d7c3355a3c67885c,f36ecff734f06d3060c99f293402bac8c9ae532d,1.0,11.97756,0,0.0,0,0.0,1.0,47104,58368,1.2391304347826086,21180.0,47.104,1260.0,1059,3,6,10,1,"{""CONNECTED"": 0.16573033707865167, ""DEGRADED"": 0.49719101123595505, ""PARTITIONED"": 0.33707865168539325, ""ISOLATED"": 0.0, ""RECOVERING"": 0.0}","{""repeat_sonar_scan"": 36, ""enter_exclusion_zone"": 10, ""bounded_path_correction"": 1022}","{""repeat_sonar_scan"": {""ALLOW"": 36, ""DENY"": 0, ""DEFER"": 0}, ""enter_exclusion_zone"": {""ALLOW"": 1, ""DENY"": 3, ""DEFER"": 6}, ""bounded_path_correction"": {""ALLOW"": 1022, ""DENY"": 0, ""DEFER"": 0}}","{""low"": {""ALLOW"": 1058, ""DENY"": 0, ""DEFER"": 0}, ""consequential"": {""ALLOW"": 1, ""DENY"": 3, ""DEFER"": 6}}",aubellhop,False,True,cuda:0
B5_nominal,medium,300.0,0,tr_a3ed8a75ed40,d7c3355a3c67885c,f36ecff734f06d3060c99f293402bac8c9ae532d,1.0,11.97672,3,0.5,0,0.0,1.0,47104,58368,1.2391304347826086,22020.0,47.104,1260.0,1056,0,0,6,6,"{""CONNECTED"": 0.16761363636363635, ""DEGRADED"": 0.4914772727272727, ""PARTITIONED"": 0.3409090909090909, ""ISOLATED"": 0.0, ""RECOVERING"": 0.0}","{""repeat_sonar_scan"": 36, ""enter_exclusion_zone"": 6, ""bounded_path_correction"": 1014}","{""repeat_sonar_scan"": {""ALLOW"": 36, ""DENY"": 0, ""DEFER"": 0}, ""enter_exclusion_zone"": {""ALLOW"": 6, ""DENY"": 0, ""DEFER"": 0}, ""bounded_path_correction"": {""ALLOW"": 1014, ""DENY"": 0, ""DEFER"": 0}}","{""low"": {""ALLOW"": 1050, ""DENY"": 0, ""DEFER"": 0}, ""consequential"": {""ALLOW"": 6, ""DENY"": 0, ""DEFER"": 0}}",aubellhop,False,True,cuda:0
B5_permissive,medium,300.0,0,tr_a3ed8a75ed40,d7c3355a3c67885c,f36ecff734f06d3060c99f293402bac8c9ae532d,1.0,11.97672,3,0.5,0,0.0,1.0,47104,58368,1.2391304347826086,22020.0,47.104,1260.0,1056,0,0,6,6,"{""CONNECTED"": 0.16761363636363635, ""DEGRADED"": 0.4914772727272727, ""PARTITIONED"": 0.3409090909090909, ""ISOLATED"": 0.0, ""RECOVERING"": 0.0}","{""repeat_sonar_scan"": 36, ""enter_exclusion_zone"": 6, ""bounded_path_correction"": 1014}","{""repeat_sonar_scan"": {""ALLOW"": 36, ""DENY"": 0, ""DEFER"": 0}, ""enter_exclusion_zone"": {""ALLOW"": 6, ""DENY"": 0, ""DEFER"": 0}, ""bounded_path_correction"": {""ALLOW"": 1014, ""DENY"": 0, ""DEFER"": 0}}","{""low"": {""ALLOW"": 1050, ""DENY"": 0, ""DEFER"": 0}, ""consequential"": {""ALLOW"": 6, ""DENY"": 0, ""DEFER"": 0}}",aubellhop,False,True,cuda:0
B1,long,500.0,0,tr_a3ed8a75ed40,273efb75cfe8b159,f36ecff734f06d3060c99f293402bac8c9ae532d,1.0,11.97636,5,0.625,0,0.0,1.0,40960,46080,1.125,22380.0,40.96,1260.0,1056,0,0,8,8,"{""CONNECTED"": 0.11931818181818182, ""DEGRADED"": 0.3125, ""PARTITIONED"": 0.5681818181818182, ""ISOLATED"": 0.0, ""RECOVERING"": 0.0}","{""repeat_sonar_scan"": 36, ""enter_exclusion_zone"": 8, ""bounded_path_correction"": 1012}","{""repeat_sonar_scan"": {""ALLOW"": 36, ""DENY"": 0, ""DEFER"": 0}, ""enter_exclusion_zone"": {""ALLOW"": 8, ""DENY"": 0, ""DEFER"": 0}, ""bounded_path_correction"": {""ALLOW"": 1012, ""DENY"": 0, ""DEFER"": 0}}","{""low"": {""ALLOW"": 1048, ""DENY"": 0, ""DEFER"": 0}, ""consequential"": {""ALLOW"": 8, ""DENY"": 0, ""DEFER"": 0}}",aubellhop,False,True,cuda:0
B2,long,500.0,0,tr_a3ed8a75ed40,273efb75cfe8b159,f36ecff734f06d3060c99f293402bac8c9ae532d,1.0,11.97636,5,0.625,0,0.0,1.0,40960,46080,1.125,22380.0,40.96,1260.0,1056,0,0,8,8,"{""CONNECTED"": 0.11931818181818182, ""DEGRADED"": 0.3125, ""PARTITIONED"": 0.5681818181818182, ""ISOLATED"": 0.0, ""RECOVERING"": 0.0}","{""repeat_sonar_scan"": 36, ""enter_exclusion_zone"": 8, ""bounded_path_correction"": 1012}","{""repeat_sonar_scan"": {""ALLOW"": 36, ""DENY"": 0, ""DEFER"": 0}, ""enter_exclusion_zone"": {""ALLOW"": 8, ""DENY"": 0, ""DEFER"": 0}, ""bounded_path_correction"": {""ALLOW"": 1012, ""DENY"": 0, ""DEFER"": 0}}","{""low"": {""ALLOW"": 1048, ""DENY"": 0, ""DEFER"": 0}, ""consequential"": {""ALLOW"": 8, ""DENY"": 0, ""DEFER"": 0}}",aubellhop,False,True,cuda:0
B3,long,500.0,0,tr_a3ed8a75ed40,273efb75cfe8b159,f36ecff734f06d3060c99f293402bac8c9ae532d,1.0,11.97772,0,0.0,0,0.0,1.0,40960,46080,1.125,21020.0,40.96,1260.0,1060,8,0,8,0,"{""CONNECTED"": 0.11797752808988764, ""DEGRADED"": 0.3202247191011236, ""PARTITIONED"": 0.5617977528089888, ""ISOLATED"": 0.0, ""RECOVERING"": 0.0}","{""repeat_sonar_scan"": 36, ""enter_exclusion_zone"": 8, ""bounded_path_correction"": 1024}","{""repeat_sonar_scan"": {""ALLOW"": 36, ""DENY"": 0, ""DEFER"": 0}, ""enter_exclusion_zone"": {""ALLOW"": 0, ""DENY"": 8, ""DEFER"": 0}, ""bounded_path_correction"": {""ALLOW"": 1024, ""DENY"": 0, ""DEFER"": 0}}","{""low"": {""ALLOW"": 1060, ""DENY"": 0, ""DEFER"": 0}, ""consequential"": {""ALLOW"": 0, ""DENY"": 8, ""DEFER"": 0}}",aubellhop,False,True,cuda:0
B4,long,500.0,0,tr_a3ed8a75ed40,273efb75cfe8b159,f36ecff734f06d3060c99f293402bac8c9ae532d,1.0,11.97612,5,0.625,0,0.0,1.0,40960,46080,1.125,22620.0,40.96,1260.0,1068,0,0,8,8,"{""CONNECTED"": 0.11797752808988764, ""DEGRADED"": 0.3202247191011236, ""PARTITIONED"": 0.5617977528089888, ""ISOLATED"": 0.0, ""RECOVERING"": 0.0}","{""repeat_sonar_scan"": 36, ""enter_exclusion_zone"": 8, ""bounded_path_correction"": 1024}","{""repeat_sonar_scan"": {""ALLOW"": 36, ""DENY"": 0, ""DEFER"": 0}, ""enter_exclusion_zone"": {""ALLOW"": 8, ""DENY"": 0, ""DEFER"": 0}, ""bounded_path_correction"": {""ALLOW"": 1024, ""DENY"": 0, ""DEFER"": 0}}","{""low"": {""ALLOW"": 1060, ""DENY"": 0, ""DEFER"": 0}, ""consequential"": {""ALLOW"": 8, ""DENY"": 0, ""DEFER"": 0}}",aubellhop,False,True,cuda:0
B5_conservative,long,500.0,0,tr_a3ed8a75ed40,273efb75cfe8b159,f36ecff734f06d3060c99f293402bac8c9ae532d,1.0,11.97752,0,0.0,0,0.0,1.0,40960,46080,1.125,21220.0,40.96,1260.0,1061,5,2,8,1,"{""CONNECTED"": 0.11797752808988764, ""DEGRADED"": 0.3202247191011236, ""PARTITIONED"": 0.5617977528089888, ""ISOLATED"": 0.0, ""RECOVERING"": 0.0}","{""repeat_sonar_scan"": 36, ""enter_exclusion_zone"": 8, ""bounded_path_correction"": 1024}","{""repeat_sonar_scan"": {""ALLOW"": 36, ""DENY"": 0, ""DEFER"": 0}, ""enter_exclusion_zone"": {""ALLOW"": 1, ""DENY"": 5, ""DEFER"": 2}, ""bounded_path_correction"": {""ALLOW"": 1024, ""DENY"": 0, ""DEFER"": 0}}","{""low"": {""ALLOW"": 1060, ""DENY"": 0, ""DEFER"": 0}, ""consequential"": {""ALLOW"": 1, ""DENY"": 5, ""DEFER"": 2}}",aubellhop,False,True,cuda:0
B5_nominal,long,500.0,0,tr_a3ed8a75ed40,273efb75cfe8b159,f36ecff734f06d3060c99f293402bac8c9ae532d,1.0,11.97636,5,0.625,0,0.0,1.0,40960,46080,1.125,22380.0,40.96,1260.0,1056,0,0,8,8,"{""CONNECTED"": 0.11931818181818182, ""DEGRADED"": 0.3125, ""PARTITIONED"": 0.5681818181818182, ""ISOLATED"": 0.0, ""RECOVERING"": 0.0}","{""repeat_sonar_scan"": 36, ""enter_exclusion_zone"": 8, ""bounded_path_correction"": 1012}","{""repeat_sonar_scan"": {""ALLOW"": 36, ""DENY"": 0, ""DEFER"": 0}, ""enter_exclusion_zone"": {""ALLOW"": 8, ""DENY"": 0, ""DEFER"": 0}, ""bounded_path_correction"": {""ALLOW"": 1012, ""DENY"": 0, ""DEFER"": 0}}","{""low"": {""ALLOW"": 1048, ""DENY"": 0, ""DEFER"": 0}, ""consequential"": {""ALLOW"": 8, ""DENY"": 0, ""DEFER"": 0}}",aubellhop,False,True,cuda:0
B5_permissive,long,500.0,0,tr_a3ed8a75ed40,273efb75cfe8b159,f36ecff734f06d3060c99f293402bac8c9ae532d,1.0,11.97636,5,0.625,0,0.0,1.0,40960,46080,1.125,22380.0,40.96,1260.0,1056,0,0,8,8,"{""CONNECTED"": 0.11931818181818182, ""DEGRADED"": 0.3125, ""PARTITIONED"": 0.5681818181818182, ""ISOLATED"": 0.0, ""RECOVERING"": 0.0}","{""repeat_sonar_scan"": 36, ""enter_exclusion_zone"": 8, ""bounded_path_correction"": 1012}","{""repeat_sonar_scan"": {""ALLOW"": 36, ""DENY"": 0, ""DEFER"": 0}, ""enter_exclusion_zone"": {""ALLOW"": 8, ""DENY"": 0, ""DEFER"": 0}, ""bounded_path_correction"": {""ALLOW"": 1012, ""DENY"": 0, ""DEFER"": 0}}","{""low"": {""ALLOW"": 1048, ""DENY"": 0, ""DEFER"": 0}, ""consequential"": {""ALLOW"": 8, ""DENY"": 0, ""DEFER"": 0}}",aubellhop,False,True,cuda:0
B1,0,0.0,1,tr_72ea2bbff3f2,0e60caa5abeb780f,f36ecff734f06d3060c99f293402bac8c9ae532d,1.0,11.97552,0,0.0,0,0.0,1.0,71424,73728,1.032258064516129,23220.0,71.424,1260.0,1080,0,0,10,10,"{""CONNECTED"": 0.3851851851851852, ""DEGRADED"": 0.6148148148148148, ""PARTITIONED"": 0.0, ""ISOLATED"": 0.0, ""RECOVERING"": 0.0}","{""repeat_sonar_scan"": 36, ""enter_exclusion_zone"": 10, ""bounded_path_correction"": 1034}","{""repeat_sonar_scan"": {""ALLOW"": 36, ""DENY"": 0, ""DEFER"": 0}, ""enter_exclusion_zone"": {""ALLOW"": 10, ""DENY"": 0, ""DEFER"": 0}, ""bounded_path_correction"": {""ALLOW"": 1034, ""DENY"": 0, ""DEFER"": 0}}","{""low"": {""ALLOW"": 1070, ""DENY"": 0, ""DEFER"": 0}, ""consequential"": {""ALLOW"": 10, ""DENY"": 0, ""DEFER"": 0}}",aubellhop,False,True,cuda:0
B2,0,0.0,1,tr_72ea2bbff3f2,0e60caa5abeb780f,f36ecff734f06d3060c99f293402bac8c9ae532d,1.0,11.97552,0,0.0,0,0.0,1.0,71424,73728,1.032258064516129,23220.0,71.424,1260.0,1080,0,0,10,10,"{""CONNECTED"": 0.3851851851851852, ""DEGRADED"": 0.6148148148148148, ""PARTITIONED"": 0.0, ""ISOLATED"": 0.0, ""RECOVERING"": 0.0}","{""repeat_sonar_scan"": 36, ""enter_exclusion_zone"": 10, ""bounded_path_correction"": 1034}","{""repeat_sonar_scan"": {""ALLOW"": 36, ""DENY"": 0, ""DEFER"": 0}, ""enter_exclusion_zone"": {""ALLOW"": 10, ""DENY"": 0, ""DEFER"": 0}, ""bounded_path_correction"": {""ALLOW"": 1034, ""DENY"": 0, ""DEFER"": 0}}","{""low"": {""ALLOW"": 1070, ""DENY"": 0, ""DEFER"": 0}, ""consequential"": {""ALLOW"": 10, ""DENY"": 0, ""DEFER"": 0}}",aubellhop,False,True,cuda:0
B3,0,0.0,1,tr_72ea2bbff3f2,0e60caa5abeb780f,f36ecff734f06d3060c99f293402bac8c9ae532d,1.0,11.97752,0,0.0,0,0.0,1.0,71424,73728,1.032258064516129,21220.0,71.424,1260.0,1070,10,0,10,0,"{""CONNECTED"": 0.3851851851851852, ""DEGRADED"": 0.6148148148148148, ""PARTITIONED"": 0.0, ""ISOLATED"": 0.0, ""RECOVERING"": 0.0}","{""repeat_sonar_scan"": 36, ""enter_exclusion_zone"": 10, ""bounded_path_correction"": 1034}","{""repeat_sonar_scan"": {""ALLOW"": 36, ""DENY"": 0, ""DEFER"": 0}, ""enter_exclusion_zone"": {""ALLOW"": 0, ""DENY"": 10, ""DEFER"": 0}, ""bounded_path_correction"": {""ALLOW"": 1034, ""DENY"": 0, ""DEFER"": 0}}","{""low"": {""ALLOW"": 1070, ""DENY"": 0, ""DEFER"": 0}, ""consequential"": {""ALLOW"": 0, ""DENY"": 10, ""DEFER"": 0}}",aubellhop,False,True,cuda:0
B4,0,0.0,1,tr_72ea2bbff3f2,0e60caa5abeb780f,f36ecff734f06d3060c99f293402bac8c9ae532d,1.0,11.97552,0,0.0,0,0.0,1.0,71424,73728,1.032258064516129,23220.0,71.424,1260.0,1080,0,0,10,10,"{""CONNECTED"": 0.3851851851851852, ""DEGRADED"": 0.6148148148148148, ""PARTITIONED"": 0.0, ""ISOLATED"": 0.0, ""RECOVERING"": 0.0}","{""repeat_sonar_scan"": 36, ""enter_exclusion_zone"": 10, ""bounded_path_correction"": 1034}","{""repeat_sonar_scan"": {""ALLOW"": 36, ""DENY"": 0, ""DEFER"": 0}, ""enter_exclusion_zone"": {""ALLOW"": 10, ""DENY"": 0, ""DEFER"": 0}, ""bounded_path_correction"": {""ALLOW"": 1034, ""DENY"": 0, ""DEFER"": 0}}","{""low"": {""ALLOW"": 1070, ""DENY"": 0, ""DEFER"": 0}, ""consequential"": {""ALLOW"": 10, ""DENY"": 0, ""DEFER"": 0}}",aubellhop,False,True,cuda:0
B5_conservative,0,0.0,1,tr_72ea2bbff3f2,0e60caa5abeb780f,f36ecff734f06d3060c99f293402bac8c9ae532d,1.0,11.97712,0,0.0,0,0.0,1.0,71424,73728,1.032258064516129,21620.0,71.424,1260.0,1072,0,8,10,2,"{""CONNECTED"": 0.3851851851851852, ""DEGRADED"": 0.6148148148148148, ""PARTITIONED"": 0.0, ""ISOLATED"": 0.0, ""RECOVERING"": 0.0}","{""repeat_sonar_scan"": 36, ""enter_exclusion_zone"": 10, ""bounded_path_correction"": 1034}","{""repeat_sonar_scan"": {""ALLOW"": 36, ""DENY"": 0, ""DEFER"": 0}, ""enter_exclusion_zone"": {""ALLOW"": 2, ""DENY"": 0, ""DEFER"": 8}, ""bounded_path_correction"": {""ALLOW"": 1034, ""DENY"": 0, ""DEFER"": 0}}","{""low"": {""ALLOW"": 1070, ""DENY"": 0, ""DEFER"": 0}, ""consequential"": {""ALLOW"": 2, ""DENY"": 0, ""DEFER"": 8}}",aubellhop,False,True,cuda:0
B5_nominal,0,0.0,1,tr_72ea2bbff3f2,0e60caa5abeb780f,f36ecff734f06d3060c99f293402bac8c9ae532d,1.0,11.97552,0,0.0,0,0.0,1.0,71424,73728,1.032258064516129,23220.0,71.424,1260.0,1080,0,0,10,10,"{""CONNECTED"": 0.3851851851851852, ""DEGRADED"": 0.6148148148148148, ""PARTITIONED"": 0.0, ""ISOLATED"": 0.0, ""RECOVERING"": 0.0}","{""repeat_sonar_scan"": 36, ""enter_exclusion_zone"": 10, ""bounded_path_correction"": 1034}","{""repeat_sonar_scan"": {""ALLOW"": 36, ""DENY"": 0, ""DEFER"": 0}, ""enter_exclusion_zone"": {""ALLOW"": 10, ""DENY"": 0, ""DEFER"": 0}, ""bounded_path_correction"": {""ALLOW"": 1034, ""DENY"": 0, ""DEFER"": 0}}","{""low"": {""ALLOW"": 1070, ""DENY"": 0, ""DEFER"": 0}, ""consequential"": {""ALLOW"": 10, ""DENY"": 0, ""DEFER"": 0}}",aubellhop,False,True,cuda:0
B5_permissive,0,0.0,1,tr_72ea2bbff3f2,0e60caa5abeb780f,f36ecff734f06d3060c99f293402bac8c9ae532d,1.0,11.97552,0,0.0,0,0.0,1.0,71424,73728,1.032258064516129,23220.0,71.424,1260.0,1080,0,0,10,10,"{""CONNECTED"": 0.3851851851851852, ""DEGRADED"": 0.6148148148148148, ""PARTITIONED"": 0.0, ""ISOLATED"": 0.0, ""RECOVERING"": 0.0}","{""repeat_sonar_scan"": 36, ""enter_exclusion_zone"": 10, ""bounded_path_correction"": 1034}","{""repeat_sonar_scan"": {""ALLOW"": 36, ""DENY"": 0, ""DEFER"": 0}, ""enter_exclusion_zone"": {""ALLOW"": 10, ""DENY"": 0, ""DEFER"": 0}, ""bounded_path_correction"": {""ALLOW"": 1034, ""DENY"": 0, ""DEFER"": 0}}","{""low"": {""ALLOW"": 1070, ""DENY"": 0, ""DEFER"": 0}, ""consequential"": {""ALLOW"": 10, ""DENY"": 0, ""DEFER"": 0}}",aubellhop,False,True,cuda:0
B1,medium,300.0,1,tr_72ea2bbff3f2,e8c91c24929eb047,f36ecff734f06d3060c99f293402bac8c9ae532d,1.0,11.97672,3,0.5,0,0.0,1.0,47104,58368,1.2391304347826086,22020.0,47.104,1260.0,1056,0,0,6,6,"{""CONNECTED"": 0.16761363636363635, ""DEGRADED"": 0.4914772727272727, ""PARTITIONED"": 0.3409090909090909, ""ISOLATED"": 0.0, ""RECOVERING"": 0.0}","{""repeat_sonar_scan"": 36, ""enter_exclusion_zone"": 6, ""bounded_path_correction"": 1014}","{""repeat_sonar_scan"": {""ALLOW"": 36, ""DENY"": 0, ""DEFER"": 0}, ""enter_exclusion_zone"": {""ALLOW"": 6, ""DENY"": 0, ""DEFER"": 0}, ""bounded_path_correction"": {""ALLOW"": 1014, ""DENY"": 0, ""DEFER"": 0}}","{""low"": {""ALLOW"": 1050, ""DENY"": 0, ""DEFER"": 0}, ""consequential"": {""ALLOW"": 6, ""DENY"": 0, ""DEFER"": 0}}",aubellhop,False,True,cuda:0
B2,medium,300.0,1,tr_72ea2bbff3f2,e8c91c24929eb047,f36ecff734f06d3060c99f293402bac8c9ae532d,1.0,11.97672,3,0.5,0,0.0,1.0,47104,58368,1.2391304347826086,22020.0,47.104,1260.0,1056,0,0,6,6,"{""CONNECTED"": 0.16761363636363635, ""DEGRADED"": 0.4914772727272727, ""PARTITIONED"": 0.3409090909090909, ""ISOLATED"": 0.0, ""RECOVERING"": 0.0}","{""repeat_sonar_scan"": 36, ""enter_exclusion_zone"": 6, ""bounded_path_correction"": 1014}","{""repeat_sonar_scan"": {""ALLOW"": 36, ""DENY"": 0, ""DEFER"": 0}, ""enter_exclusion_zone"": {""ALLOW"": 6, ""DENY"": 0, ""DEFER"": 0}, ""bounded_path_correction"": {""ALLOW"": 1014, ""DENY"": 0, ""DEFER"": 0}}","{""low"": {""ALLOW"": 1050, ""DENY"": 0, ""DEFER"": 0}, ""consequential"": {""ALLOW"": 6, ""DENY"": 0, ""DEFER"": 0}}",aubellhop,False,True,cuda:0
B3,medium,300.0,1,tr_72ea2bbff3f2,e8c91c24929eb047,f36ecff734f06d3060c99f293402bac8c9ae532d,1.0,11.97776,0,0.0,0,0.0,1.0,47104,58368,1.2391304347826086,20980.0,47.104,1260.0,1058,10,0,10,0,"{""CONNECTED"": 0.16198501872659177, ""DEGRADED"": 0.5009363295880149, ""PARTITIONED"": 0.33707865168539325, ""ISOLATED"": 0.0, ""RECOVERING"": 0.0}","{""repeat_sonar_scan"": 36, ""enter_exclusion_zone"": 10, ""bounded_path_correction"": 1022}","{""repeat_sonar_scan"": {""ALLOW"": 36, ""DENY"": 0, ""DEFER"": 0}, ""enter_exclusion_zone"": {""ALLOW"": 0, ""DENY"": 10, ""DEFER"": 0}, ""bounded_path_correction"": {""ALLOW"": 1022, ""DENY"": 0, ""DEFER"": 0}}","{""low"": {""ALLOW"": 1058, ""DENY"": 0, ""DEFER"": 0}, ""consequential"": {""ALLOW"": 0, ""DENY"": 10, ""DEFER"": 0}}",aubellhop,False,True,cuda:0
B4,medium,300.0,1,tr_72ea2bbff3f2,e8c91c24929eb047,f36ecff734f06d3060c99f293402bac8c9ae532d,1.0,11.97576,3,0.3,0,0.0,1.0,47104,58368,1.2391304347826086,22980.0,47.104,1260.0,1068,0,0,10,10,"{""CONNECTED"": 0.16573033707865167, ""DEGRADED"": 0.49719101123595505, ""PARTITIONED"": 0.33707865168539325, ""ISOLATED"": 0.0, ""RECOVERING"": 0.0}","{""repeat_sonar_scan"": 36, ""enter_exclusion_zone"": 10, ""bounded_path_correction"": 1022}","{""repeat_sonar_scan"": {""ALLOW"": 36, ""DENY"": 0, ""DEFER"": 0}, ""enter_exclusion_zone"": {""ALLOW"": 10, ""DENY"": 0, ""DEFER"": 0}, ""bounded_path_correction"": {""ALLOW"": 1022, ""DENY"": 0, ""DEFER"": 0}}","{""low"": {""ALLOW"": 1058, ""DENY"": 0, ""DEFER"": 0}, ""consequential"": {""ALLOW"": 10, ""DENY"": 0, ""DEFER"": 0}}",aubellhop,False,True,cuda:0
B5_conservative,medium,300.0,1,tr_72ea2bbff3f2,e8c91c24929eb047,f36ecff734f06d3060c99f293402bac8c9ae532d,1.0,11.97756,0,0.0,0,0.0,1.0,47104,58368,1.2391304347826086,21180.0,47.104,1260.0,1059,3,6,10,1,"{""CONNECTED"": 0.16573033707865167, ""DEGRADED"": 0.49719101123595505, ""PARTITIONED"": 0.33707865168539325, ""ISOLATED"": 0.0, ""RECOVERING"": 0.0}","{""repeat_sonar_scan"": 36, ""enter_exclusion_zone"": 10, ""bounded_path_correction"": 1022}","{""repeat_sonar_scan"": {""ALLOW"": 36, ""DENY"": 0, ""DEFER"": 0}, ""enter_exclusion_zone"": {""ALLOW"": 1, ""DENY"": 3, ""DEFER"": 6}, ""bounded_path_correction"": {""ALLOW"": 1022, ""DENY"": 0, ""DEFER"": 0}}","{""low"": {""ALLOW"": 1058, ""DENY"": 0, ""DEFER"": 0}, ""consequential"": {""ALLOW"": 1, ""DENY"": 3, ""DEFER"": 6}}",aubellhop,False,True,cuda:0
B5_nominal,medium,300.0,1,tr_72ea2bbff3f2,e8c91c24929eb047,f36ecff734f06d3060c99f293402bac8c9ae532d,1.0,11.97672,3,0.5,0,0.0,1.0,47104,58368,1.2391304347826086,22020.0,47.104,1260.0,1056,0,0,6,6,"{""CONNECTED"": 0.16761363636363635, ""DEGRADED"": 0.4914772727272727, ""PARTITIONED"": 0.3409090909090909, ""ISOLATED"": 0.0, ""RECOVERING"": 0.0}","{""repeat_sonar_scan"": 36, ""enter_exclusion_zone"": 6, ""bounded_path_correction"": 1014}","{""repeat_sonar_scan"": {""ALLOW"": 36, ""DENY"": 0, ""DEFER"": 0}, ""enter_exclusion_zone"": {""ALLOW"": 6, ""DENY"": 0, ""DEFER"": 0}, ""bounded_path_correction"": {""ALLOW"": 1014, ""DENY"": 0, ""DEFER"": 0}}","{""low"": {""ALLOW"": 1050, ""DENY"": 0, ""DEFER"": 0}, ""consequential"": {""ALLOW"": 6, ""DENY"": 0, ""DEFER"": 0}}",aubellhop,False,True,cuda:0
B5_permissive,medium,300.0,1,tr_72ea2bbff3f2,e8c91c24929eb047,f36ecff734f06d3060c99f293402bac8c9ae532d,1.0,11.97672,3,0.5,0,0.0,1.0,47104,58368,1.2391304347826086,22020.0,47.104,1260.0,1056,0,0,6,6,"{""CONNECTED"": 0.16761363636363635, ""DEGRADED"": 0.4914772727272727, ""PARTITIONED"": 0.3409090909090909, ""ISOLATED"": 0.0, ""RECOVERING"": 0.0}","{""repeat_sonar_scan"": 36, ""enter_exclusion_zone"": 6, ""bounded_path_correction"": 1014}","{""repeat_sonar_scan"": {""ALLOW"": 36, ""DENY"": 0, ""DEFER"": 0}, ""enter_exclusion_zone"": {""ALLOW"": 6, ""DENY"": 0, ""DEFER"": 0}, ""bounded_path_correction"": {""ALLOW"": 1014, ""DENY"": 0, ""DEFER"": 0}}","{""low"": {""ALLOW"": 1050, ""DENY"": 0, ""DEFER"": 0}, ""consequential"": {""ALLOW"": 6, ""DENY"": 0, ""DEFER"": 0}}",aubellhop,False,True,cuda:0
B1,long,500.0,1,tr_72ea2bbff3f2,1eef63098ab05287,f36ecff734f06d3060c99f293402bac8c9ae532d,1.0,11.97636,5,0.625,0,0.0,1.0,40960,46080,1.125,22380.0,40.96,1260.0,1056,0,0,8,8,"{""CONNECTED"": 0.11931818181818182, ""DEGRADED"": 0.3125, ""PARTITIONED"": 0.5681818181818182, ""ISOLATED"": 0.0, ""RECOVERING"": 0.0}","{""repeat_sonar_scan"": 36, ""enter_exclusion_zone"": 8, ""bounded_path_correction"": 1012}","{""repeat_sonar_scan"": {""ALLOW"": 36, ""DENY"": 0, ""DEFER"": 0}, ""enter_exclusion_zone"": {""ALLOW"": 8, ""DENY"": 0, ""DEFER"": 0}, ""bounded_path_correction"": {""ALLOW"": 1012, ""DENY"": 0, ""DEFER"": 0}}","{""low"": {""ALLOW"": 1048, ""DENY"": 0, ""DEFER"": 0}, ""consequential"": {""ALLOW"": 8, ""DENY"": 0, ""DEFER"": 0}}",aubellhop,False,True,cuda:0
B2,long,500.0,1,tr_72ea2bbff3f2,1eef63098ab05287,f36ecff734f06d3060c99f293402bac8c9ae532d,1.0,11.97636,5,0.625,0,0.0,1.0,40960,46080,1.125,22380.0,40.96,1260.0,1056,0,0,8,8,"{""CONNECTED"": 0.11931818181818182, ""DEGRADED"": 0.3125, ""PARTITIONED"": 0.5681818181818182, ""ISOLATED"": 0.0, ""RECOVERING"": 0.0}","{""repeat_sonar_scan"": 36, ""enter_exclusion_zone"": 8, ""bounded_path_correction"": 1012}","{""repeat_sonar_scan"": {""ALLOW"": 36, ""DENY"": 0, ""DEFER"": 0}, ""enter_exclusion_zone"": {""ALLOW"": 8, ""DENY"": 0, ""DEFER"": 0}, ""bounded_path_correction"": {""ALLOW"": 1012, ""DENY"": 0, ""DEFER"": 0}}","{""low"": {""ALLOW"": 1048, ""DENY"": 0, ""DEFER"": 0}, ""consequential"": {""ALLOW"": 8, ""DENY"": 0, ""DEFER"": 0}}",aubellhop,False,True,cuda:0
B3,long,500.0,1,tr_72ea2bbff3f2,1eef63098ab05287,f36ecff734f06d3060c99f293402bac8c9ae532d,1.0,11.97772,0,0.0,0,0.0,1.0,40960,46080,1.125,21020.0,40.96,1260.0,1060,8,0,8,0,"{""CONNECTED"": 0.11797752808988764, ""DEGRADED"": 0.3202247191011236, ""PARTITIONED"": 0.5617977528089888, ""ISOLATED"": 0.0, ""RECOVERING"": 0.0}","{""repeat_sonar_scan"": 36, ""enter_exclusion_zone"": 8, ""bounded_path_correction"": 1024}","{""repeat_sonar_scan"": {""ALLOW"": 36, ""DENY"": 0, ""DEFER"": 0}, ""enter_exclusion_zone"": {""ALLOW"": 0, ""DENY"": 8, ""DEFER"": 0}, ""bounded_path_correction"": {""ALLOW"": 1024, ""DENY"": 0, ""DEFER"": 0}}","{""low"": {""ALLOW"": 1060, ""DENY"": 0, ""DEFER"": 0}, ""consequential"": {""ALLOW"": 0, ""DENY"": 8, ""DEFER"": 0}}",aubellhop,False,True,cuda:0
B4,long,500.0,1,tr_72ea2bbff3f2,1eef63098ab05287,f36ecff734f06d3060c99f293402bac8c9ae532d,1.0,11.97612,5,0.625,0,0.0,1.0,40960,46080,1.125,22620.0,40.96,1260.0,1068,0,0,8,8,"{""CONNECTED"": 0.11797752808988764, ""DEGRADED"": 0.3202247191011236, ""PARTITIONED"": 0.5617977528089888, ""ISOLATED"": 0.0, ""RECOVERING"": 0.0}","{""repeat_sonar_scan"": 36, ""enter_exclusion_zone"": 8, ""bounded_path_correction"": 1024}","{""repeat_sonar_scan"": {""ALLOW"": 36, ""DENY"": 0, ""DEFER"": 0}, ""enter_exclusion_zone"": {""ALLOW"": 8, ""DENY"": 0, ""DEFER"": 0}, ""bounded_path_correction"": {""ALLOW"": 1024, ""DENY"": 0, ""DEFER"": 0}}","{""low"": {""ALLOW"": 1060, ""DENY"": 0, ""DEFER"": 0}, ""consequential"": {""ALLOW"": 8, ""DENY"": 0, ""DEFER"": 0}}",aubellhop,False,True,cuda:0
B5_conservative,long,500.0,1,tr_72ea2bbff3f2,1eef63098ab05287,f36ecff734f06d3060c99f293402bac8c9ae532d,1.0,11.97752,0,0.0,0,0.0,1.0,40960,46080,1.125,21220.0,40.96,1260.0,1061,5,2,8,1,"{""CONNECTED"": 0.11797752808988764, ""DEGRADED"": 0.3202247191011236, ""PARTITIONED"": 0.5617977528089888, ""ISOLATED"": 0.0, ""RECOVERING"": 0.0}","{""repeat_sonar_scan"": 36, ""enter_exclusion_zone"": 8, ""bounded_path_correction"": 1024}","{""repeat_sonar_scan"": {""ALLOW"": 36, ""DENY"": 0, ""DEFER"": 0}, ""enter_exclusion_zone"": {""ALLOW"": 1, ""DENY"": 5, ""DEFER"": 2}, ""bounded_path_correction"": {""ALLOW"": 1024, ""DENY"": 0, ""DEFER"": 0}}","{""low"": {""ALLOW"": 1060, ""DENY"": 0, ""DEFER"": 0}, ""consequential"": {""ALLOW"": 1, ""DENY"": 5, ""DEFER"": 2}}",aubellhop,False,True,cuda:0
B5_nominal,long,500.0,1,tr_72ea2bbff3f2,1eef63098ab05287,f36ecff734f06d3060c99f293402bac8c9ae532d,1.0,11.97636,5,0.625,0,0.0,1.0,40960,46080,1.125,22380.0,40.96,1260.0,1056,0,0,8,8,"{""CONNECTED"": 0.11931818181818182, ""DEGRADED"": 0.3125, ""PARTITIONED"": 0.5681818181818182, ""ISOLATED"": 0.0, ""RECOVERING"": 0.0}","{""repeat_sonar_scan"": 36, ""enter_exclusion_zone"": 8, ""bounded_path_correction"": 1012}","{""repeat_sonar_scan"": {""ALLOW"": 36, ""DENY"": 0, ""DEFER"": 0}, ""enter_exclusion_zone"": {""ALLOW"": 8, ""DENY"": 0, ""DEFER"": 0}, ""bounded_path_correction"": {""ALLOW"": 1012, ""DENY"": 0, ""DEFER"": 0}}","{""low"": {""ALLOW"": 1048, ""DENY"": 0, ""DEFER"": 0}, ""consequential"": {""ALLOW"": 8, ""DENY"": 0, ""DEFER"": 0}}",aubellhop,False,True,cuda:0
B5_permissive,long,500.0,1,tr_72ea2bbff3f2,1eef63098ab05287,f36ecff734f06d3060c99f293402bac8c9ae532d,1.0,11.97636,5,0.625,0,0.0,1.0,40960,46080,1.125,22380.0,40.96,1260.0,1056,0,0,8,8,"{""CONNECTED"": 0.11931818181818182, ""DEGRADED"": 0.3125, ""PARTITIONED"": 0.5681818181818182, ""ISOLATED"": 0.0, ""RECOVERING"": 0.0}","{""repeat_sonar_scan"": 36, ""enter_exclusion_zone"": 8, ""bounded_path_correction"": 1012}","{""repeat_sonar_scan"": {""ALLOW"": 36, ""DENY"": 0, ""DEFER"": 0}, ""enter_exclusion_zone"": {""ALLOW"": 8, ""DENY"": 0, ""DEFER"": 0}, ""bounded_path_correction"": {""ALLOW"": 1012, ""DENY"": 0, ""DEFER"": 0}}","{""low"": {""ALLOW"": 1048, ""DENY"": 0, ""DEFER"": 0}, ""consequential"": {""ALLOW"": 8, ""DENY"": 0, ""DEFER"": 0}}",aubellhop,False,True,cuda:0
B1,0,0.0,2,tr_3ca7e9686e62,73feba997f7f005b,f36ecff734f06d3060c99f293402bac8c9ae532d,1.0,11.97552,0,0.0,0,0.0,1.0,71424,73728,1.032258064516129,23220.0,71.424,1260.0,1080,0,0,10,10,"{""CONNECTED"": 0.3851851851851852, ""DEGRADED"": 0.6148148148148148, ""PARTITIONED"": 0.0, ""ISOLATED"": 0.0, ""RECOVERING"": 0.0}","{""repeat_sonar_scan"": 36, ""enter_exclusion_zone"": 10, ""bounded_path_correction"": 1034}","{""repeat_sonar_scan"": {""ALLOW"": 36, ""DENY"": 0, ""DEFER"": 0}, ""enter_exclusion_zone"": {""ALLOW"": 10, ""DENY"": 0, ""DEFER"": 0}, ""bounded_path_correction"": {""ALLOW"": 1034, ""DENY"": 0, ""DEFER"": 0}}","{""low"": {""ALLOW"": 1070, ""DENY"": 0, ""DEFER"": 0}, ""consequential"": {""ALLOW"": 10, ""DENY"": 0, ""DEFER"": 0}}",aubellhop,False,True,cuda:0
B2,0,0.0,2,tr_3ca7e9686e62,73feba997f7f005b,f36ecff734f06d3060c99f293402bac8c9ae532d,1.0,11.97552,0,0.0,0,0.0,1.0,71424,73728,1.032258064516129,23220.0,71.424,1260.0,1080,0,0,10,10,"{""CONNECTED"": 0.3851851851851852, ""DEGRADED"": 0.6148148148148148, ""PARTITIONED"": 0.0, ""ISOLATED"": 0.0, ""RECOVERING"": 0.0}","{""repeat_sonar_scan"": 36, ""enter_exclusion_zone"": 10, ""bounded_path_correction"": 1034}","{""repeat_sonar_scan"": {""ALLOW"": 36, ""DENY"": 0, ""DEFER"": 0}, ""enter_exclusion_zone"": {""ALLOW"": 10, ""DENY"": 0, ""DEFER"": 0}, ""bounded_path_correction"": {""ALLOW"": 1034, ""DENY"": 0, ""DEFER"": 0}}","{""low"": {""ALLOW"": 1070, ""DENY"": 0, ""DEFER"": 0}, ""consequential"": {""ALLOW"": 10, ""DENY"": 0, ""DEFER"": 0}}",aubellhop,False,True,cuda:0
B3,0,0.0,2,tr_3ca7e9686e62,73feba997f7f005b,f36ecff734f06d3060c99f293402bac8c9ae532d,1.0,11.97752,0,0.0,0,0.0,1.0,71424,73728,1.032258064516129,21220.0,71.424,1260.0,1070,10,0,10,0,"{""CONNECTED"": 0.3851851851851852, ""DEGRADED"": 0.6148148148148148, ""PARTITIONED"": 0.0, ""ISOLATED"": 0.0, ""RECOVERING"": 0.0}","{""repeat_sonar_scan"": 36, ""enter_exclusion_zone"": 10, ""bounded_path_correction"": 1034}","{""repeat_sonar_scan"": {""ALLOW"": 36, ""DENY"": 0, ""DEFER"": 0}, ""enter_exclusion_zone"": {""ALLOW"": 0, ""DENY"": 10, ""DEFER"": 0}, ""bounded_path_correction"": {""ALLOW"": 1034, ""DENY"": 0, ""DEFER"": 0}}","{""low"": {""ALLOW"": 1070, ""DENY"": 0, ""DEFER"": 0}, ""consequential"": {""ALLOW"": 0, ""DENY"": 10, ""DEFER"": 0}}",aubellhop,False,True,cuda:0
B4,0,0.0,2,tr_3ca7e9686e62,73feba997f7f005b,f36ecff734f06d3060c99f293402bac8c9ae532d,1.0,11.97552,0,0.0,0,0.0,1.0,71424,73728,1.032258064516129,23220.0,71.424,1260.0,1080,0,0,10,10,"{""CONNECTED"": 0.3851851851851852, ""DEGRADED"": 0.6148148148148148, ""PARTITIONED"": 0.0, ""ISOLATED"": 0.0, ""RECOVERING"": 0.0}","{""repeat_sonar_scan"": 36, ""enter_exclusion_zone"": 10, ""bounded_path_correction"": 1034}","{""repeat_sonar_scan"": {""ALLOW"": 36, ""DENY"": 0, ""DEFER"": 0}, ""enter_exclusion_zone"": {""ALLOW"": 10, ""DENY"": 0, ""DEFER"": 0}, ""bounded_path_correction"": {""ALLOW"": 1034, ""DENY"": 0, ""DEFER"": 0}}","{""low"": {""ALLOW"": 1070, ""DENY"": 0, ""DEFER"": 0}, ""consequential"": {""ALLOW"": 10, ""DENY"": 0, ""DEFER"": 0}}",aubellhop,False,True,cuda:0
B5_conservative,0,0.0,2,tr_3ca7e9686e62,73feba997f7f005b,f36ecff734f06d3060c99f293402bac8c9ae532d,1.0,11.97712,0,0.0,0,0.0,1.0,71424,73728,1.032258064516129,21620.0,71.424,1260.0,1072,0,8,10,2,"{""CONNECTED"": 0.3851851851851852, ""DEGRADED"": 0.6148148148148148, ""PARTITIONED"": 0.0, ""ISOLATED"": 0.0, ""RECOVERING"": 0.0}","{""repeat_sonar_scan"": 36, ""enter_exclusion_zone"": 10, ""bounded_path_correction"": 1034}","{""repeat_sonar_scan"": {""ALLOW"": 36, ""DENY"": 0, ""DEFER"": 0}, ""enter_exclusion_zone"": {""ALLOW"": 2, ""DENY"": 0, ""DEFER"": 8}, ""bounded_path_correction"": {""ALLOW"": 1034, ""DENY"": 0, ""DEFER"": 0}}","{""low"": {""ALLOW"": 1070, ""DENY"": 0, ""DEFER"": 0}, ""consequential"": {""ALLOW"": 2, ""DENY"": 0, ""DEFER"": 8}}",aubellhop,False,True,cuda:0
B5_nominal,0,0.0,2,tr_3ca7e9686e62,73feba997f7f005b,f36ecff734f06d3060c99f293402bac8c9ae532d,1.0,11.97552,0,0.0,0,0.0,1.0,71424,73728,1.032258064516129,23220.0,71.424,1260.0,1080,0,0,10,10,"{""CONNECTED"": 0.3851851851851852, ""DEGRADED"": 0.6148148148148148, ""PARTITIONED"": 0.0, ""ISOLATED"": 0.0, ""RECOVERING"": 0.0}","{""repeat_sonar_scan"": 36, ""enter_exclusion_zone"": 10, ""bounded_path_correction"": 1034}","{""repeat_sonar_scan"": {""ALLOW"": 36, ""DENY"": 0, ""DEFER"": 0}, ""enter_exclusion_zone"": {""ALLOW"": 10, ""DENY"": 0, ""DEFER"": 0}, ""bounded_path_correction"": {""ALLOW"": 1034, ""DENY"": 0, ""DEFER"": 0}}","{""low"": {""ALLOW"": 1070, ""DENY"": 0, ""DEFER"": 0}, ""consequential"": {""ALLOW"": 10, ""DENY"": 0, ""DEFER"": 0}}",aubellhop,False,True,cuda:0
B5_permissive,0,0.0,2,tr_3ca7e9686e62,73feba997f7f005b,f36ecff734f06d3060c99f293402bac8c9ae532d,1.0,11.97552,0,0.0,0,0.0,1.0,71424,73728,1.032258064516129,23220.0,71.424,1260.0,1080,0,0,10,10,"{""CONNECTED"": 0.3851851851851852, ""DEGRADED"": 0.6148148148148148, ""PARTITIONED"": 0.0, ""ISOLATED"": 0.0, ""RECOVERING"": 0.0}","{""repeat_sonar_scan"": 36, ""enter_exclusion_zone"": 10, ""bounded_path_correction"": 1034}","{""repeat_sonar_scan"": {""ALLOW"": 36, ""DENY"": 0, ""DEFER"": 0}, ""enter_exclusion_zone"": {""ALLOW"": 10, ""DENY"": 0, ""DEFER"": 0}, ""bounded_path_correction"": {""ALLOW"": 1034, ""DENY"": 0, ""DEFER"": 0}}","{""low"": {""ALLOW"": 1070, ""DENY"": 0, ""DEFER"": 0}, ""consequential"": {""ALLOW"": 10, ""DENY"": 0, ""DEFER"": 0}}",aubellhop,False,True,cuda:0
B1,medium,300.0,2,tr_3ca7e9686e62,931a9d691212a1ae,f36ecff734f06d3060c99f293402bac8c9ae532d,1.0,11.97672,3,0.5,0,0.0,1.0,47104,58368,1.2391304347826086,22020.0,47.104,1260.0,1056,0,0,6,6,"{""CONNECTED"": 0.16761363636363635, ""DEGRADED"": 0.4914772727272727, ""PARTITIONED"": 0.3409090909090909, ""ISOLATED"": 0.0, ""RECOVERING"": 0.0}","{""repeat_sonar_scan"": 36, ""enter_exclusion_zone"": 6, ""bounded_path_correction"": 1014}","{""repeat_sonar_scan"": {""ALLOW"": 36, ""DENY"": 0, ""DEFER"": 0}, ""enter_exclusion_zone"": {""ALLOW"": 6, ""DENY"": 0, ""DEFER"": 0}, ""bounded_path_correction"": {""ALLOW"": 1014, ""DENY"": 0, ""DEFER"": 0}}","{""low"": {""ALLOW"": 1050, ""DENY"": 0, ""DEFER"": 0}, ""consequential"": {""ALLOW"": 6, ""DENY"": 0, ""DEFER"": 0}}",aubellhop,False,True,cuda:0
B2,medium,300.0,2,tr_3ca7e9686e62,931a9d691212a1ae,f36ecff734f06d3060c99f293402bac8c9ae532d,1.0,11.97672,3,0.5,0,0.0,1.0,47104,58368,1.2391304347826086,22020.0,47.104,1260.0,1056,0,0,6,6,"{""CONNECTED"": 0.16761363636363635, ""DEGRADED"": 0.4914772727272727, ""PARTITIONED"": 0.3409090909090909, ""ISOLATED"": 0.0, ""RECOVERING"": 0.0}","{""repeat_sonar_scan"": 36, ""enter_exclusion_zone"": 6, ""bounded_path_correction"": 1014}","{""repeat_sonar_scan"": {""ALLOW"": 36, ""DENY"": 0, ""DEFER"": 0}, ""enter_exclusion_zone"": {""ALLOW"": 6, ""DENY"": 0, ""DEFER"": 0}, ""bounded_path_correction"": {""ALLOW"": 1014, ""DENY"": 0, ""DEFER"": 0}}","{""low"": {""ALLOW"": 1050, ""DENY"": 0, ""DEFER"": 0}, ""consequential"": {""ALLOW"": 6, ""DENY"": 0, ""DEFER"": 0}}",aubellhop,False,True,cuda:0
B3,medium,300.0,2,tr_3ca7e9686e62,931a9d691212a1ae,f36ecff734f06d3060c99f293402bac8c9ae532d,1.0,11.97776,0,0.0,0,0.0,1.0,47104,58368,1.2391304347826086,20980.0,47.104,1260.0,1058,10,0,10,0,"{""CONNECTED"": 0.16198501872659177, ""DEGRADED"": 0.5009363295880149, ""PARTITIONED"": 0.33707865168539325, ""ISOLATED"": 0.0, ""RECOVERING"": 0.0}","{""repeat_sonar_scan"": 36, ""enter_exclusion_zone"": 10, ""bounded_path_correction"": 1022}","{""repeat_sonar_scan"": {""ALLOW"": 36, ""DENY"": 0, ""DEFER"": 0}, ""enter_exclusion_zone"": {""ALLOW"": 0, ""DENY"": 10, ""DEFER"": 0}, ""bounded_path_correction"": {""ALLOW"": 1022, ""DENY"": 0, ""DEFER"": 0}}","{""low"": {""ALLOW"": 1058, ""DENY"": 0, ""DEFER"": 0}, ""consequential"": {""ALLOW"": 0, ""DENY"": 10, ""DEFER"": 0}}",aubellhop,False,True,cuda:0
B4,medium,300.0,2,tr_3ca7e9686e62,931a9d691212a1ae,f36ecff734f06d3060c99f293402bac8c9ae532d,1.0,11.97576,3,0.3,0,0.0,1.0,47104,58368,1.2391304347826086,22980.0,47.104,1260.0,1068,0,0,10,10,"{""CONNECTED"": 0.16573033707865167, ""DEGRADED"": 0.49719101123595505, ""PARTITIONED"": 0.33707865168539325, ""ISOLATED"": 0.0, ""RECOVERING"": 0.0}","{""repeat_sonar_scan"": 36, ""enter_exclusion_zone"": 10, ""bounded_path_correction"": 1022}","{""repeat_sonar_scan"": {""ALLOW"": 36, ""DENY"": 0, ""DEFER"": 0}, ""enter_exclusion_zone"": {""ALLOW"": 10, ""DENY"": 0, ""DEFER"": 0}, ""bounded_path_correction"": {""ALLOW"": 1022, ""DENY"": 0, ""DEFER"": 0}}","{""low"": {""ALLOW"": 1058, ""DENY"": 0, ""DEFER"": 0}, ""consequential"": {""ALLOW"": 10, ""DENY"": 0, ""DEFER"": 0}}",aubellhop,False,True,cuda:0
B5_conservative,medium,300.0,2,tr_3ca7e9686e62,931a9d691212a1ae,f36ecff734f06d3060c99f293402bac8c9ae532d,1.0,11.97756,0,0.0,0,0.0,1.0,47104,58368,1.2391304347826086,21180.0,47.104,1260.0,1059,3,6,10,1,"{""CONNECTED"": 0.16573033707865167, ""DEGRADED"": 0.49719101123595505, ""PARTITIONED"": 0.33707865168539325, ""ISOLATED"": 0.0, ""RECOVERING"": 0.0}","{""repeat_sonar_scan"": 36, ""enter_exclusion_zone"": 10, ""bounded_path_correction"": 1022}","{""repeat_sonar_scan"": {""ALLOW"": 36, ""DENY"": 0, ""DEFER"": 0}, ""enter_exclusion_zone"": {""ALLOW"": 1, ""DENY"": 3, ""DEFER"": 6}, ""bounded_path_correction"": {""ALLOW"": 1022, ""DENY"": 0, ""DEFER"": 0}}","{""low"": {""ALLOW"": 1058, ""DENY"": 0, ""DEFER"": 0}, ""consequential"": {""ALLOW"": 1, ""DENY"": 3, ""DEFER"": 6}}",aubellhop,False,True,cuda:0
B5_nominal,medium,300.0,2,tr_3ca7e9686e62,931a9d691212a1ae,f36ecff734f06d3060c99f293402bac8c9ae532d,1.0,11.97672,3,0.5,0,0.0,1.0,47104,58368,1.2391304347826086,22020.0,47.104,1260.0,1056,0,0,6,6,"{""CONNECTED"": 0.16761363636363635, ""DEGRADED"": 0.4914772727272727, ""PARTITIONED"": 0.3409090909090909, ""ISOLATED"": 0.0, ""RECOVERING"": 0.0}","{""repeat_sonar_scan"": 36, ""enter_exclusion_zone"": 6, ""bounded_path_correction"": 1014}","{""repeat_sonar_scan"": {""ALLOW"": 36, ""DENY"": 0, ""DEFER"": 0}, ""enter_exclusion_zone"": {""ALLOW"": 6, ""DENY"": 0, ""DEFER"": 0}, ""bounded_path_correction"": {""ALLOW"": 1014, ""DENY"": 0, ""DEFER"": 0}}","{""low"": {""ALLOW"": 1050, ""DENY"": 0, ""DEFER"": 0}, ""consequential"": {""ALLOW"": 6, ""DENY"": 0, ""DEFER"": 0}}",aubellhop,False,True,cuda:0
B5_permissive,medium,300.0,2,tr_3ca7e9686e62,931a9d691212a1ae,f36ecff734f06d3060c99f293402bac8c9ae532d,1.0,11.97672,3,0.5,0,0.0,1.0,47104,58368,1.2391304347826086,22020.0,47.104,1260.0,1056,0,0,6,6,"{""CONNECTED"": 0.16761363636363635, ""DEGRADED"": 0.4914772727272727, ""PARTITIONED"": 0.3409090909090909, ""ISOLATED"": 0.0, ""RECOVERING"": 0.0}","{""repeat_sonar_scan"": 36, ""enter_exclusion_zone"": 6, ""bounded_path_correction"": 1014}","{""repeat_sonar_scan"": {""ALLOW"": 36, ""DENY"": 0, ""DEFER"": 0}, ""enter_exclusion_zone"": {""ALLOW"": 6, ""DENY"": 0, ""DEFER"": 0}, ""bounded_path_correction"": {""ALLOW"": 1014, ""DENY"": 0, ""DEFER"": 0}}","{""low"": {""ALLOW"": 1050, ""DENY"": 0, ""DEFER"": 0}, ""consequential"": {""ALLOW"": 6, ""DENY"": 0, ""DEFER"": 0}}",aubellhop,False,True,cuda:0
B1,long,500.0,2,tr_3ca7e9686e62,559af67a0e7b78ff,f36ecff734f06d3060c99f293402bac8c9ae532d,1.0,11.97636,5,0.625,0,0.0,1.0,40960,46080,1.125,22380.0,40.96,1260.0,1056,0,0,8,8,"{""CONNECTED"": 0.11931818181818182, ""DEGRADED"": 0.3125, ""PARTITIONED"": 0.5681818181818182, ""ISOLATED"": 0.0, ""RECOVERING"": 0.0}","{""repeat_sonar_scan"": 36, ""enter_exclusion_zone"": 8, ""bounded_path_correction"": 1012}","{""repeat_sonar_scan"": {""ALLOW"": 36, ""DENY"": 0, ""DEFER"": 0}, ""enter_exclusion_zone"": {""ALLOW"": 8, ""DENY"": 0, ""DEFER"": 0}, ""bounded_path_correction"": {""ALLOW"": 1012, ""DENY"": 0, ""DEFER"": 0}}","{""low"": {""ALLOW"": 1048, ""DENY"": 0, ""DEFER"": 0}, ""consequential"": {""ALLOW"": 8, ""DENY"": 0, ""DEFER"": 0}}",aubellhop,False,True,cuda:0
B2,long,500.0,2,tr_3ca7e9686e62,559af67a0e7b78ff,f36ecff734f06d3060c99f293402bac8c9ae532d,1.0,11.97636,5,0.625,0,0.0,1.0,40960,46080,1.125,22380.0,40.96,1260.0,1056,0,0,8,8,"{""CONNECTED"": 0.11931818181818182, ""DEGRADED"": 0.3125, ""PARTITIONED"": 0.5681818181818182, ""ISOLATED"": 0.0, ""RECOVERING"": 0.0}","{""repeat_sonar_scan"": 36, ""enter_exclusion_zone"": 8, ""bounded_path_correction"": 1012}","{""repeat_sonar_scan"": {""ALLOW"": 36, ""DENY"": 0, ""DEFER"": 0}, ""enter_exclusion_zone"": {""ALLOW"": 8, ""DENY"": 0, ""DEFER"": 0}, ""bounded_path_correction"": {""ALLOW"": 1012, ""DENY"": 0, ""DEFER"": 0}}","{""low"": {""ALLOW"": 1048, ""DENY"": 0, ""DEFER"": 0}, ""consequential"": {""ALLOW"": 8, ""DENY"": 0, ""DEFER"": 0}}",aubellhop,False,True,cuda:0
B3,long,500.0,2,tr_3ca7e9686e62,559af67a0e7b78ff,f36ecff734f06d3060c99f293402bac8c9ae532d,1.0,11.97772,0,0.0,0,0.0,1.0,40960,46080,1.125,21020.0,40.96,1260.0,1060,8,0,8,0,"{""CONNECTED"": 0.11797752808988764, ""DEGRADED"": 0.3202247191011236, ""PARTITIONED"": 0.5617977528089888, ""ISOLATED"": 0.0, ""RECOVERING"": 0.0}","{""repeat_sonar_scan"": 36, ""enter_exclusion_zone"": 8, ""bounded_path_correction"": 1024}","{""repeat_sonar_scan"": {""ALLOW"": 36, ""DENY"": 0, ""DEFER"": 0}, ""enter_exclusion_zone"": {""ALLOW"": 0, ""DENY"": 8, ""DEFER"": 0}, ""bounded_path_correction"": {""ALLOW"": 1024, ""DENY"": 0, ""DEFER"": 0}}","{""low"": {""ALLOW"": 1060, ""DENY"": 0, ""DEFER"": 0}, ""consequential"": {""ALLOW"": 0, ""DENY"": 8, ""DEFER"": 0}}",aubellhop,False,True,cuda:0
B4,long,500.0,2,tr_3ca7e9686e62,559af67a0e7b78ff,f36ecff734f06d3060c99f293402bac8c9ae532d,1.0,11.97612,5,0.625,0,0.0,1.0,40960,46080,1.125,22620.0,40.96,1260.0,1068,0,0,8,8,"{""CONNECTED"": 0.11797752808988764, ""DEGRADED"": 0.3202247191011236, ""PARTITIONED"": 0.5617977528089888, ""ISOLATED"": 0.0, ""RECOVERING"": 0.0}","{""repeat_sonar_scan"": 36, ""enter_exclusion_zone"": 8, ""bounded_path_correction"": 1024}","{""repeat_sonar_scan"": {""ALLOW"": 36, ""DENY"": 0, ""DEFER"": 0}, ""enter_exclusion_zone"": {""ALLOW"": 8, ""DENY"": 0, ""DEFER"": 0}, ""bounded_path_correction"": {""ALLOW"": 1024, ""DENY"": 0, ""DEFER"": 0}}","{""low"": {""ALLOW"": 1060, ""DENY"": 0, ""DEFER"": 0}, ""consequential"": {""ALLOW"": 8, ""DENY"": 0, ""DEFER"": 0}}",aubellhop,False,True,cuda:0
B5_conservative,long,500.0,2,tr_3ca7e9686e62,559af67a0e7b78ff,f36ecff734f06d3060c99f293402bac8c9ae532d,1.0,11.97752,0,0.0,0,0.0,1.0,40960,46080,1.125,21220.0,40.96,1260.0,1061,5,2,8,1,"{""CONNECTED"": 0.11797752808988764, ""DEGRADED"": 0.3202247191011236, ""PARTITIONED"": 0.5617977528089888, ""ISOLATED"": 0.0, ""RECOVERING"": 0.0}","{""repeat_sonar_scan"": 36, ""enter_exclusion_zone"": 8, ""bounded_path_correction"": 1024}","{""repeat_sonar_scan"": {""ALLOW"": 36, ""DENY"": 0, ""DEFER"": 0}, ""enter_exclusion_zone"": {""ALLOW"": 1, ""DENY"": 5, ""DEFER"": 2}, ""bounded_path_correction"": {""ALLOW"": 1024, ""DENY"": 0, ""DEFER"": 0}}","{""low"": {""ALLOW"": 1060, ""DENY"": 0, ""DEFER"": 0}, ""consequential"": {""ALLOW"": 1, ""DENY"": 5, ""DEFER"": 2}}",aubellhop,False,True,cuda:0
B5_nominal,long,500.0,2,tr_3ca7e9686e62,559af67a0e7b78ff,f36ecff734f06d3060c99f293402bac8c9ae532d,1.0,11.97636,5,0.625,0,0.0,1.0,40960,46080,1.125,22380.0,40.96,1260.0,1056,0,0,8,8,"{""CONNECTED"": 0.11931818181818182, ""DEGRADED"": 0.3125, ""PARTITIONED"": 0.5681818181818182, ""ISOLATED"": 0.0, ""RECOVERING"": 0.0}","{""repeat_sonar_scan"": 36, ""enter_exclusion_zone"": 8, ""bounded_path_correction"": 1012}","{""repeat_sonar_scan"": {""ALLOW"": 36, ""DENY"": 0, ""DEFER"": 0}, ""enter_exclusion_zone"": {""ALLOW"": 8, ""DENY"": 0, ""DEFER"": 0}, ""bounded_path_correction"": {""ALLOW"": 1012, ""DENY"": 0, ""DEFER"": 0}}","{""low"": {""ALLOW"": 1048, ""DENY"": 0, ""DEFER"": 0}, ""consequential"": {""ALLOW"": 8, ""DENY"": 0, ""DEFER"": 0}}",aubellhop,False,True,cuda:0
B5_permissive,long,500.0,2,tr_3ca7e9686e62,559af67a0e7b78ff,f36ecff734f06d3060c99f293402bac8c9ae532d,1.0,11.97636,5,0.625,0,0.0,1.0,40960,46080,1.125,22380.0,40.96,1260.0,1056,0,0,8,8,"{""CONNECTED"": 0.11931818181818182, ""DEGRADED"": 0.3125, ""PARTITIONED"": 0.5681818181818182, ""ISOLATED"": 0.0, ""RECOVERING"": 0.0}","{""repeat_sonar_scan"": 36, ""enter_exclusion_zone"": 8, ""bounded_path_correction"": 1012}","{""repeat_sonar_scan"": {""ALLOW"": 36, ""DENY"": 0, ""DEFER"": 0}, ""enter_exclusion_zone"": {""ALLOW"": 8, ""DENY"": 0, ""DEFER"": 0}, ""bounded_path_correction"": {""ALLOW"": 1012, ""DENY"": 0, ""DEFER"": 0}}","{""low"": {""ALLOW"": 1048, ""DENY"": 0, ""DEFER"": 0}, ""consequential"": {""ALLOW"": 8, ""DENY"": 0, ""DEFER"": 0}}",aubellhop,False,True,cuda:0
