scope,baseline,n,safe_useful_retention_mean,safe_useful_retention_ci95_lo,safe_useful_retention_ci95_hi,hard_safety_violation_rate_mean,hard_safety_violation_rate_ci95_lo,hard_safety_violation_rate_ci95_hi,semantic_conflicts_per_mission_mean,semantic_conflicts_per_mission_ci95_lo,semantic_conflicts_per_mission_ci95_hi,contradictory_reassignment_mean,contradictory_reassignment_ci95_lo,contradictory_reassignment_ci95_hi,duplicate_work_count_mean,duplicate_work_count_ci95_lo,duplicate_work_count_ci95_hi,useful_reassignment_count_mean,useful_reassignment_count_ci95_lo,useful_reassignment_count_ci95_hi,missed_mandatory_mean,missed_mandatory_ci95_lo,missed_mandatory_ci95_hi,mission_utility_mean,mission_utility_ci95_lo,mission_utility_ci95_hi
all,B4,60,0.7599999999999998,0.7199999999999999,0.7899999999999997,0.0,0.0,0.0,0.9333333333333333,0.8696838556704477,0.996982810996219,0.9333333333333333,0.8696838556704477,0.996982810996219,0.0,0.0,0.0,1.0,1.0,1.0,5.066666666666666,5.0030171890037805,5.130316144329552,-0.31152666666666684,-1.5198738201538107,0.8968204868204771
all,B4-NoFreshness,60,0.7999999999999997,0.7999999999999997,0.7999999999999997,0.0,0.0,0.0,1.0,1.0,1.0,1.0,1.0,1.0,0.0,0.0,0.0,1.0,1.0,1.0,5.0,5.0,5.0,0.9540400000000001,0.9539204346637448,0.9541595653362555
outage_150,B4,15,0.7600000000000001,0.68,0.8000000000000003,0.0,0.0,0.0,0.9333333333333333,0.7912666666666667,1.0754,0.9333333333333333,0.7912666666666667,1.0754,0.0,0.0,0.0,1.0,1.0,1.0,5.066666666666666,4.9246,5.208733333333333,-0.31204,-3.0090122900000003,2.38493229
outage_150,B4-NoFreshness,15,0.8000000000000003,0.8000000000000003,0.8000000000000003,0.0,0.0,0.0,1.0,1.0,1.0,1.0,1.0,1.0,0.0,0.0,0.0,1.0,1.0,1.0,5.0,5.0,5.0,0.9536433333333334,0.9534444400000001,0.9538422266666667
outage_300,B4,15,0.7600000000000001,0.68,0.8000000000000003,0.0,0.0,0.0,0.9333333333333333,0.7912666666666667,1.0754,0.9333333333333333,0.7912666666666667,1.0754,0.0,0.0,0.0,1.0,1.0,1.0,5.066666666666666,4.9246,5.208733333333333,-0.3118533333333333,-3.0088540366666674,2.3851473700000003
outage_300,B4-NoFreshness,15,0.8000000000000003,0.8000000000000003,0.8000000000000003,0.0,0.0,0.0,1.0,1.0,1.0,1.0,1.0,1.0,0.0,0.0,0.0,1.0,1.0,1.0,5.0,5.0,5.0,0.9538299999999998,0.9536595199999999,0.9540004799999998
outage_500,B4,15,0.7600000000000001,0.68,0.8000000000000003,0.0,0.0,0.0,0.9333333333333333,0.7912666666666667,1.0754,0.9333333333333333,0.7912666666666667,1.0754,0.0,0.0,0.0,1.0,1.0,1.0,5.066666666666666,4.9246,5.208733333333333,-0.3116666666666667,-3.0086957833333323,2.3853624499999992
outage_500,B4-NoFreshness,15,0.8000000000000003,0.8000000000000003,0.8000000000000003,0.0,0.0,0.0,1.0,1.0,1.0,1.0,1.0,1.0,0.0,0.0,0.0,1.0,1.0,1.0,5.0,5.0,5.0,0.9540166666666668,0.9538746000000001,0.9541587333333336
outage_1000,B4,15,0.7600000000000001,0.68,0.8000000000000003,0.0,0.0,0.0,0.9333333333333333,0.7912666666666667,1.0754,0.9333333333333333,0.7912666666666667,1.0754,0.0,0.0,0.0,1.0,1.0,1.0,5.066666666666666,4.9246,5.208733333333333,-0.31054666666666686,-3.0077462633333325,2.386652929999999
outage_1000,B4-NoFreshness,15,0.8000000000000003,0.8000000000000003,0.8000000000000003,0.0,0.0,0.0,1.0,1.0,1.0,1.0,1.0,1.0,0.0,0.0,0.0,1.0,1.0,1.0,5.0,5.0,5.0,0.9546700000000004,0.9546273800000004,0.9547126200000003
