run_id,environment,seed,outage,trace_id,sim_time,source_auv,target_segment_reconstructed,n_run_conflicts_on_reconstructed_seg,conflict_times,conflict_details,source_in_conflict_proposers,window_used_s,window_basis,later_window_s,later_window_basis,flag_DUPLICATE_ALREADY_ACTIVE,flag_DUPLICATE_LATER_ASSIGNED,flag_ORIGINAL_AUV_RECOVERED,flag_SEGMENT_ALREADY_COMPLETE,flag_CONTRADICTORY_REASSIGNMENT_LINKED,flag_NO_CONFLICT_EVIDENCE,flag_INSUFFICIENT_LOGGING,primary_category,primary_priority
B4_0_00f5fe28e8311550,paper_ssp_200m_strong_v1,0,300.0,tr_41578464d64c_gpu,220.0,auv_06,seg_09,0,,,False,20.0,configs/mission/freshness_challenge.yaml sim_tick_s=20; conflict detector groups same-tick proposers,120.0,agent MissionPlanner.consequential_period_s default 120 (not used as primary),False,False,False,False,False,True,True,NO_CONFLICT_EVIDENCE,CONTRADICTORY_REASSIGNMENT_LINKED > DUPLICATE_LATER_ASSIGNED > NO_CONFLICT_EVIDENCE > INSUFFICIENT_LOGGING; live ownership always insufficient
B4_0_00f5fe28e8311550,paper_ssp_200m_strong_v1,0,300.0,tr_41578464d64c_gpu,220.0,auv_07,seg_09,0,,,False,20.0,configs/mission/freshness_challenge.yaml sim_tick_s=20; conflict detector groups same-tick proposers,120.0,agent MissionPlanner.consequential_period_s default 120 (not used as primary),False,False,False,False,False,True,True,NO_CONFLICT_EVIDENCE,CONTRADICTORY_REASSIGNMENT_LINKED > DUPLICATE_LATER_ASSIGNED > NO_CONFLICT_EVIDENCE > INSUFFICIENT_LOGGING; live ownership always insufficient
B4_0_00f5fe28e8311550,paper_ssp_200m_strong_v1,0,300.0,tr_41578464d64c_gpu,220.0,auv_10,seg_09,0,,,False,20.0,configs/mission/freshness_challenge.yaml sim_tick_s=20; conflict detector groups same-tick proposers,120.0,agent MissionPlanner.consequential_period_s default 120 (not used as primary),False,False,False,False,False,True,True,NO_CONFLICT_EVIDENCE,CONTRADICTORY_REASSIGNMENT_LINKED > DUPLICATE_LATER_ASSIGNED > NO_CONFLICT_EVIDENCE > INSUFFICIENT_LOGGING; live ownership always insufficient
B4_0_00f5fe28e8311550,paper_ssp_200m_strong_v1,0,300.0,tr_41578464d64c_gpu,220.0,auv_11,seg_09,0,,,False,20.0,configs/mission/freshness_challenge.yaml sim_tick_s=20; conflict detector groups same-tick proposers,120.0,agent MissionPlanner.consequential_period_s default 120 (not used as primary),False,False,False,False,False,True,True,NO_CONFLICT_EVIDENCE,CONTRADICTORY_REASSIGNMENT_LINKED > DUPLICATE_LATER_ASSIGNED > NO_CONFLICT_EVIDENCE > INSUFFICIENT_LOGGING; live ownership always insufficient
B4_0_156373d7c40b004e,paper_ssp_200m_strong_v1,0,500.0,tr_41578464d64c_gpu,220.0,auv_06,seg_09,0,,,False,20.0,configs/mission/freshness_challenge.yaml sim_tick_s=20; conflict detector groups same-tick proposers,120.0,agent MissionPlanner.consequential_period_s default 120 (not used as primary),False,False,False,False,False,True,True,NO_CONFLICT_EVIDENCE,CONTRADICTORY_REASSIGNMENT_LINKED > DUPLICATE_LATER_ASSIGNED > NO_CONFLICT_EVIDENCE > INSUFFICIENT_LOGGING; live ownership always insufficient
B4_0_156373d7c40b004e,paper_ssp_200m_strong_v1,0,500.0,tr_41578464d64c_gpu,220.0,auv_07,seg_09,0,,,False,20.0,configs/mission/freshness_challenge.yaml sim_tick_s=20; conflict detector groups same-tick proposers,120.0,agent MissionPlanner.consequential_period_s default 120 (not used as primary),False,False,False,False,False,True,True,NO_CONFLICT_EVIDENCE,CONTRADICTORY_REASSIGNMENT_LINKED > DUPLICATE_LATER_ASSIGNED > NO_CONFLICT_EVIDENCE > INSUFFICIENT_LOGGING; live ownership always insufficient
B4_0_156373d7c40b004e,paper_ssp_200m_strong_v1,0,500.0,tr_41578464d64c_gpu,220.0,auv_10,seg_09,0,,,False,20.0,configs/mission/freshness_challenge.yaml sim_tick_s=20; conflict detector groups same-tick proposers,120.0,agent MissionPlanner.consequential_period_s default 120 (not used as primary),False,False,False,False,False,True,True,NO_CONFLICT_EVIDENCE,CONTRADICTORY_REASSIGNMENT_LINKED > DUPLICATE_LATER_ASSIGNED > NO_CONFLICT_EVIDENCE > INSUFFICIENT_LOGGING; live ownership always insufficient
B4_0_156373d7c40b004e,paper_ssp_200m_strong_v1,0,500.0,tr_41578464d64c_gpu,220.0,auv_11,seg_09,0,,,False,20.0,configs/mission/freshness_challenge.yaml sim_tick_s=20; conflict detector groups same-tick proposers,120.0,agent MissionPlanner.consequential_period_s default 120 (not used as primary),False,False,False,False,False,True,True,NO_CONFLICT_EVIDENCE,CONTRADICTORY_REASSIGNMENT_LINKED > DUPLICATE_LATER_ASSIGNED > NO_CONFLICT_EVIDENCE > INSUFFICIENT_LOGGING; live ownership always insufficient
B4_0_66b040879785adf1,paper_ssp_200m_strong_v1,0,150.0,tr_41578464d64c_gpu,220.0,auv_06,seg_09,0,,,False,20.0,configs/mission/freshness_challenge.yaml sim_tick_s=20; conflict detector groups same-tick proposers,120.0,agent MissionPlanner.consequential_period_s default 120 (not used as primary),False,False,False,False,False,True,True,NO_CONFLICT_EVIDENCE,CONTRADICTORY_REASSIGNMENT_LINKED > DUPLICATE_LATER_ASSIGNED > NO_CONFLICT_EVIDENCE > INSUFFICIENT_LOGGING; live ownership always insufficient
B4_0_66b040879785adf1,paper_ssp_200m_strong_v1,0,150.0,tr_41578464d64c_gpu,220.0,auv_07,seg_09,0,,,False,20.0,configs/mission/freshness_challenge.yaml sim_tick_s=20; conflict detector groups same-tick proposers,120.0,agent MissionPlanner.consequential_period_s default 120 (not used as primary),False,False,False,False,False,True,True,NO_CONFLICT_EVIDENCE,CONTRADICTORY_REASSIGNMENT_LINKED > DUPLICATE_LATER_ASSIGNED > NO_CONFLICT_EVIDENCE > INSUFFICIENT_LOGGING; live ownership always insufficient
B4_0_66b040879785adf1,paper_ssp_200m_strong_v1,0,150.0,tr_41578464d64c_gpu,220.0,auv_10,seg_09,0,,,False,20.0,configs/mission/freshness_challenge.yaml sim_tick_s=20; conflict detector groups same-tick proposers,120.0,agent MissionPlanner.consequential_period_s default 120 (not used as primary),False,False,False,False,False,True,True,NO_CONFLICT_EVIDENCE,CONTRADICTORY_REASSIGNMENT_LINKED > DUPLICATE_LATER_ASSIGNED > NO_CONFLICT_EVIDENCE > INSUFFICIENT_LOGGING; live ownership always insufficient
B4_0_66b040879785adf1,paper_ssp_200m_strong_v1,0,150.0,tr_41578464d64c_gpu,220.0,auv_11,seg_09,0,,,False,20.0,configs/mission/freshness_challenge.yaml sim_tick_s=20; conflict detector groups same-tick proposers,120.0,agent MissionPlanner.consequential_period_s default 120 (not used as primary),False,False,False,False,False,True,True,NO_CONFLICT_EVIDENCE,CONTRADICTORY_REASSIGNMENT_LINKED > DUPLICATE_LATER_ASSIGNED > NO_CONFLICT_EVIDENCE > INSUFFICIENT_LOGGING; live ownership always insufficient
B4_0_7ef56cddb6728de0,paper_ssp_200m_strong_v1,0,0.0,tr_41578464d64c_gpu,220.0,auv_06,seg_09,0,,,False,20.0,configs/mission/freshness_challenge.yaml sim_tick_s=20; conflict detector groups same-tick proposers,120.0,agent MissionPlanner.consequential_period_s default 120 (not used as primary),False,False,False,False,False,True,True,NO_CONFLICT_EVIDENCE,CONTRADICTORY_REASSIGNMENT_LINKED > DUPLICATE_LATER_ASSIGNED > NO_CONFLICT_EVIDENCE > INSUFFICIENT_LOGGING; live ownership always insufficient
B4_0_7ef56cddb6728de0,paper_ssp_200m_strong_v1,0,0.0,tr_41578464d64c_gpu,220.0,auv_07,seg_09,0,,,False,20.0,configs/mission/freshness_challenge.yaml sim_tick_s=20; conflict detector groups same-tick proposers,120.0,agent MissionPlanner.consequential_period_s default 120 (not used as primary),False,False,False,False,False,True,True,NO_CONFLICT_EVIDENCE,CONTRADICTORY_REASSIGNMENT_LINKED > DUPLICATE_LATER_ASSIGNED > NO_CONFLICT_EVIDENCE > INSUFFICIENT_LOGGING; live ownership always insufficient
B4_0_7ef56cddb6728de0,paper_ssp_200m_strong_v1,0,0.0,tr_41578464d64c_gpu,220.0,auv_10,seg_09,0,,,False,20.0,configs/mission/freshness_challenge.yaml sim_tick_s=20; conflict detector groups same-tick proposers,120.0,agent MissionPlanner.consequential_period_s default 120 (not used as primary),False,False,False,False,False,True,True,NO_CONFLICT_EVIDENCE,CONTRADICTORY_REASSIGNMENT_LINKED > DUPLICATE_LATER_ASSIGNED > NO_CONFLICT_EVIDENCE > INSUFFICIENT_LOGGING; live ownership always insufficient
B4_0_7ef56cddb6728de0,paper_ssp_200m_strong_v1,0,0.0,tr_41578464d64c_gpu,220.0,auv_11,seg_09,0,,,False,20.0,configs/mission/freshness_challenge.yaml sim_tick_s=20; conflict detector groups same-tick proposers,120.0,agent MissionPlanner.consequential_period_s default 120 (not used as primary),False,False,False,False,False,True,True,NO_CONFLICT_EVIDENCE,CONTRADICTORY_REASSIGNMENT_LINKED > DUPLICATE_LATER_ASSIGNED > NO_CONFLICT_EVIDENCE > INSUFFICIENT_LOGGING; live ownership always insufficient
B4_0_ab4aabfdc4a1a401,paper_ssp_200m_strong_v1,0,1000.0,tr_41578464d64c_gpu,220.0,auv_06,seg_09,0,,,False,20.0,configs/mission/freshness_challenge.yaml sim_tick_s=20; conflict detector groups same-tick proposers,120.0,agent MissionPlanner.consequential_period_s default 120 (not used as primary),False,False,False,False,False,True,True,NO_CONFLICT_EVIDENCE,CONTRADICTORY_REASSIGNMENT_LINKED > DUPLICATE_LATER_ASSIGNED > NO_CONFLICT_EVIDENCE > INSUFFICIENT_LOGGING; live ownership always insufficient
B4_0_ab4aabfdc4a1a401,paper_ssp_200m_strong_v1,0,1000.0,tr_41578464d64c_gpu,220.0,auv_07,seg_09,0,,,False,20.0,configs/mission/freshness_challenge.yaml sim_tick_s=20; conflict detector groups same-tick proposers,120.0,agent MissionPlanner.consequential_period_s default 120 (not used as primary),False,False,False,False,False,True,True,NO_CONFLICT_EVIDENCE,CONTRADICTORY_REASSIGNMENT_LINKED > DUPLICATE_LATER_ASSIGNED > NO_CONFLICT_EVIDENCE > INSUFFICIENT_LOGGING; live ownership always insufficient
B4_0_ab4aabfdc4a1a401,paper_ssp_200m_strong_v1,0,1000.0,tr_41578464d64c_gpu,220.0,auv_10,seg_09,0,,,False,20.0,configs/mission/freshness_challenge.yaml sim_tick_s=20; conflict detector groups same-tick proposers,120.0,agent MissionPlanner.consequential_period_s default 120 (not used as primary),False,False,False,False,False,True,True,NO_CONFLICT_EVIDENCE,CONTRADICTORY_REASSIGNMENT_LINKED > DUPLICATE_LATER_ASSIGNED > NO_CONFLICT_EVIDENCE > INSUFFICIENT_LOGGING; live ownership always insufficient
B4_0_ab4aabfdc4a1a401,paper_ssp_200m_strong_v1,0,1000.0,tr_41578464d64c_gpu,220.0,auv_11,seg_09,0,,,False,20.0,configs/mission/freshness_challenge.yaml sim_tick_s=20; conflict detector groups same-tick proposers,120.0,agent MissionPlanner.consequential_period_s default 120 (not used as primary),False,False,False,False,False,True,True,NO_CONFLICT_EVIDENCE,CONTRADICTORY_REASSIGNMENT_LINKED > DUPLICATE_LATER_ASSIGNED > NO_CONFLICT_EVIDENCE > INSUFFICIENT_LOGGING; live ownership always insufficient
B4_0_be30d011885e8efb,paper_ssp_200m_strong_v1,0,750.0,tr_41578464d64c_gpu,220.0,auv_06,seg_09,0,,,False,20.0,configs/mission/freshness_challenge.yaml sim_tick_s=20; conflict detector groups same-tick proposers,120.0,agent MissionPlanner.consequential_period_s default 120 (not used as primary),False,False,False,False,False,True,True,NO_CONFLICT_EVIDENCE,CONTRADICTORY_REASSIGNMENT_LINKED > DUPLICATE_LATER_ASSIGNED > NO_CONFLICT_EVIDENCE > INSUFFICIENT_LOGGING; live ownership always insufficient
B4_0_be30d011885e8efb,paper_ssp_200m_strong_v1,0,750.0,tr_41578464d64c_gpu,220.0,auv_07,seg_09,0,,,False,20.0,configs/mission/freshness_challenge.yaml sim_tick_s=20; conflict detector groups same-tick proposers,120.0,agent MissionPlanner.consequential_period_s default 120 (not used as primary),False,False,False,False,False,True,True,NO_CONFLICT_EVIDENCE,CONTRADICTORY_REASSIGNMENT_LINKED > DUPLICATE_LATER_ASSIGNED > NO_CONFLICT_EVIDENCE > INSUFFICIENT_LOGGING; live ownership always insufficient
B4_0_be30d011885e8efb,paper_ssp_200m_strong_v1,0,750.0,tr_41578464d64c_gpu,220.0,auv_10,seg_09,0,,,False,20.0,configs/mission/freshness_challenge.yaml sim_tick_s=20; conflict detector groups same-tick proposers,120.0,agent MissionPlanner.consequential_period_s default 120 (not used as primary),False,False,False,False,False,True,True,NO_CONFLICT_EVIDENCE,CONTRADICTORY_REASSIGNMENT_LINKED > DUPLICATE_LATER_ASSIGNED > NO_CONFLICT_EVIDENCE > INSUFFICIENT_LOGGING; live ownership always insufficient
B4_0_be30d011885e8efb,paper_ssp_200m_strong_v1,0,750.0,tr_41578464d64c_gpu,220.0,auv_11,seg_09,0,,,False,20.0,configs/mission/freshness_challenge.yaml sim_tick_s=20; conflict detector groups same-tick proposers,120.0,agent MissionPlanner.consequential_period_s default 120 (not used as primary),False,False,False,False,False,True,True,NO_CONFLICT_EVIDENCE,CONTRADICTORY_REASSIGNMENT_LINKED > DUPLICATE_LATER_ASSIGNED > NO_CONFLICT_EVIDENCE > INSUFFICIENT_LOGGING; live ownership always insufficient
B4_8_2dd7c0e065c3f957,paper_ssp_200m_strong_v1,8,300.0,tr_cdd5f1950a3c_gpu,220.0,auv_06,seg_09,0,,,False,20.0,configs/mission/freshness_challenge.yaml sim_tick_s=20; conflict detector groups same-tick proposers,120.0,agent MissionPlanner.consequential_period_s default 120 (not used as primary),False,False,False,False,False,True,True,NO_CONFLICT_EVIDENCE,CONTRADICTORY_REASSIGNMENT_LINKED > DUPLICATE_LATER_ASSIGNED > NO_CONFLICT_EVIDENCE > INSUFFICIENT_LOGGING; live ownership always insufficient
B4_8_2dd7c0e065c3f957,paper_ssp_200m_strong_v1,8,300.0,tr_cdd5f1950a3c_gpu,220.0,auv_07,seg_09,0,,,False,20.0,configs/mission/freshness_challenge.yaml sim_tick_s=20; conflict detector groups same-tick proposers,120.0,agent MissionPlanner.consequential_period_s default 120 (not used as primary),False,False,False,False,False,True,True,NO_CONFLICT_EVIDENCE,CONTRADICTORY_REASSIGNMENT_LINKED > DUPLICATE_LATER_ASSIGNED > NO_CONFLICT_EVIDENCE > INSUFFICIENT_LOGGING; live ownership always insufficient
B4_8_2dd7c0e065c3f957,paper_ssp_200m_strong_v1,8,300.0,tr_cdd5f1950a3c_gpu,220.0,auv_10,seg_09,0,,,False,20.0,configs/mission/freshness_challenge.yaml sim_tick_s=20; conflict detector groups same-tick proposers,120.0,agent MissionPlanner.consequential_period_s default 120 (not used as primary),False,False,False,False,False,True,True,NO_CONFLICT_EVIDENCE,CONTRADICTORY_REASSIGNMENT_LINKED > DUPLICATE_LATER_ASSIGNED > NO_CONFLICT_EVIDENCE > INSUFFICIENT_LOGGING; live ownership always insufficient
B4_8_2dd7c0e065c3f957,paper_ssp_200m_strong_v1,8,300.0,tr_cdd5f1950a3c_gpu,220.0,auv_11,seg_09,0,,,False,20.0,configs/mission/freshness_challenge.yaml sim_tick_s=20; conflict detector groups same-tick proposers,120.0,agent MissionPlanner.consequential_period_s default 120 (not used as primary),False,False,False,False,False,True,True,NO_CONFLICT_EVIDENCE,CONTRADICTORY_REASSIGNMENT_LINKED > DUPLICATE_LATER_ASSIGNED > NO_CONFLICT_EVIDENCE > INSUFFICIENT_LOGGING; live ownership always insufficient
B4_8_5b412e7813f385bd,paper_ssp_200m_strong_v1,8,750.0,tr_cdd5f1950a3c_gpu,220.0,auv_06,seg_09,0,,,False,20.0,configs/mission/freshness_challenge.yaml sim_tick_s=20; conflict detector groups same-tick proposers,120.0,agent MissionPlanner.consequential_period_s default 120 (not used as primary),False,False,False,False,False,True,True,NO_CONFLICT_EVIDENCE,CONTRADICTORY_REASSIGNMENT_LINKED > DUPLICATE_LATER_ASSIGNED > NO_CONFLICT_EVIDENCE > INSUFFICIENT_LOGGING; live ownership always insufficient
B4_8_5b412e7813f385bd,paper_ssp_200m_strong_v1,8,750.0,tr_cdd5f1950a3c_gpu,220.0,auv_07,seg_09,0,,,False,20.0,configs/mission/freshness_challenge.yaml sim_tick_s=20; conflict detector groups same-tick proposers,120.0,agent MissionPlanner.consequential_period_s default 120 (not used as primary),False,False,False,False,False,True,True,NO_CONFLICT_EVIDENCE,CONTRADICTORY_REASSIGNMENT_LINKED > DUPLICATE_LATER_ASSIGNED > NO_CONFLICT_EVIDENCE > INSUFFICIENT_LOGGING; live ownership always insufficient
B4_8_5b412e7813f385bd,paper_ssp_200m_strong_v1,8,750.0,tr_cdd5f1950a3c_gpu,220.0,auv_10,seg_09,0,,,False,20.0,configs/mission/freshness_challenge.yaml sim_tick_s=20; conflict detector groups same-tick proposers,120.0,agent MissionPlanner.consequential_period_s default 120 (not used as primary),False,False,False,False,False,True,True,NO_CONFLICT_EVIDENCE,CONTRADICTORY_REASSIGNMENT_LINKED > DUPLICATE_LATER_ASSIGNED > NO_CONFLICT_EVIDENCE > INSUFFICIENT_LOGGING; live ownership always insufficient
B4_8_5b412e7813f385bd,paper_ssp_200m_strong_v1,8,750.0,tr_cdd5f1950a3c_gpu,220.0,auv_11,seg_09,0,,,False,20.0,configs/mission/freshness_challenge.yaml sim_tick_s=20; conflict detector groups same-tick proposers,120.0,agent MissionPlanner.consequential_period_s default 120 (not used as primary),False,False,False,False,False,True,True,NO_CONFLICT_EVIDENCE,CONTRADICTORY_REASSIGNMENT_LINKED > DUPLICATE_LATER_ASSIGNED > NO_CONFLICT_EVIDENCE > INSUFFICIENT_LOGGING; live ownership always insufficient
B4_8_81c15f76451e529b,paper_ssp_200m_strong_v1,8,1000.0,tr_cdd5f1950a3c_gpu,220.0,auv_06,seg_09,0,,,False,20.0,configs/mission/freshness_challenge.yaml sim_tick_s=20; conflict detector groups same-tick proposers,120.0,agent MissionPlanner.consequential_period_s default 120 (not used as primary),False,False,False,False,False,True,True,NO_CONFLICT_EVIDENCE,CONTRADICTORY_REASSIGNMENT_LINKED > DUPLICATE_LATER_ASSIGNED > NO_CONFLICT_EVIDENCE > INSUFFICIENT_LOGGING; live ownership always insufficient
B4_8_81c15f76451e529b,paper_ssp_200m_strong_v1,8,1000.0,tr_cdd5f1950a3c_gpu,220.0,auv_07,seg_09,0,,,False,20.0,configs/mission/freshness_challenge.yaml sim_tick_s=20; conflict detector groups same-tick proposers,120.0,agent MissionPlanner.consequential_period_s default 120 (not used as primary),False,False,False,False,False,True,True,NO_CONFLICT_EVIDENCE,CONTRADICTORY_REASSIGNMENT_LINKED > DUPLICATE_LATER_ASSIGNED > NO_CONFLICT_EVIDENCE > INSUFFICIENT_LOGGING; live ownership always insufficient
B4_8_81c15f76451e529b,paper_ssp_200m_strong_v1,8,1000.0,tr_cdd5f1950a3c_gpu,220.0,auv_10,seg_09,0,,,False,20.0,configs/mission/freshness_challenge.yaml sim_tick_s=20; conflict detector groups same-tick proposers,120.0,agent MissionPlanner.consequential_period_s default 120 (not used as primary),False,False,False,False,False,True,True,NO_CONFLICT_EVIDENCE,CONTRADICTORY_REASSIGNMENT_LINKED > DUPLICATE_LATER_ASSIGNED > NO_CONFLICT_EVIDENCE > INSUFFICIENT_LOGGING; live ownership always insufficient
B4_8_81c15f76451e529b,paper_ssp_200m_strong_v1,8,1000.0,tr_cdd5f1950a3c_gpu,220.0,auv_11,seg_09,0,,,False,20.0,configs/mission/freshness_challenge.yaml sim_tick_s=20; conflict detector groups same-tick proposers,120.0,agent MissionPlanner.consequential_period_s default 120 (not used as primary),False,False,False,False,False,True,True,NO_CONFLICT_EVIDENCE,CONTRADICTORY_REASSIGNMENT_LINKED > DUPLICATE_LATER_ASSIGNED > NO_CONFLICT_EVIDENCE > INSUFFICIENT_LOGGING; live ownership always insufficient
B4_8_91d14137d47e3c83,paper_ssp_200m_strong_v1,8,0.0,tr_cdd5f1950a3c_gpu,220.0,auv_06,seg_09,0,,,False,20.0,configs/mission/freshness_challenge.yaml sim_tick_s=20; conflict detector groups same-tick proposers,120.0,agent MissionPlanner.consequential_period_s default 120 (not used as primary),False,False,False,False,False,True,True,NO_CONFLICT_EVIDENCE,CONTRADICTORY_REASSIGNMENT_LINKED > DUPLICATE_LATER_ASSIGNED > NO_CONFLICT_EVIDENCE > INSUFFICIENT_LOGGING; live ownership always insufficient
B4_8_91d14137d47e3c83,paper_ssp_200m_strong_v1,8,0.0,tr_cdd5f1950a3c_gpu,220.0,auv_07,seg_09,0,,,False,20.0,configs/mission/freshness_challenge.yaml sim_tick_s=20; conflict detector groups same-tick proposers,120.0,agent MissionPlanner.consequential_period_s default 120 (not used as primary),False,False,False,False,False,True,True,NO_CONFLICT_EVIDENCE,CONTRADICTORY_REASSIGNMENT_LINKED > DUPLICATE_LATER_ASSIGNED > NO_CONFLICT_EVIDENCE > INSUFFICIENT_LOGGING; live ownership always insufficient
B4_8_91d14137d47e3c83,paper_ssp_200m_strong_v1,8,0.0,tr_cdd5f1950a3c_gpu,220.0,auv_10,seg_09,0,,,False,20.0,configs/mission/freshness_challenge.yaml sim_tick_s=20; conflict detector groups same-tick proposers,120.0,agent MissionPlanner.consequential_period_s default 120 (not used as primary),False,False,False,False,False,True,True,NO_CONFLICT_EVIDENCE,CONTRADICTORY_REASSIGNMENT_LINKED > DUPLICATE_LATER_ASSIGNED > NO_CONFLICT_EVIDENCE > INSUFFICIENT_LOGGING; live ownership always insufficient
B4_8_91d14137d47e3c83,paper_ssp_200m_strong_v1,8,0.0,tr_cdd5f1950a3c_gpu,220.0,auv_11,seg_09,0,,,False,20.0,configs/mission/freshness_challenge.yaml sim_tick_s=20; conflict detector groups same-tick proposers,120.0,agent MissionPlanner.consequential_period_s default 120 (not used as primary),False,False,False,False,False,True,True,NO_CONFLICT_EVIDENCE,CONTRADICTORY_REASSIGNMENT_LINKED > DUPLICATE_LATER_ASSIGNED > NO_CONFLICT_EVIDENCE > INSUFFICIENT_LOGGING; live ownership always insufficient
B4_8_98bdbaca0c1d0204,paper_ssp_200m_strong_v1,8,150.0,tr_cdd5f1950a3c_gpu,220.0,auv_06,seg_09,0,,,False,20.0,configs/mission/freshness_challenge.yaml sim_tick_s=20; conflict detector groups same-tick proposers,120.0,agent MissionPlanner.consequential_period_s default 120 (not used as primary),False,False,False,False,False,True,True,NO_CONFLICT_EVIDENCE,CONTRADICTORY_REASSIGNMENT_LINKED > DUPLICATE_LATER_ASSIGNED > NO_CONFLICT_EVIDENCE > INSUFFICIENT_LOGGING; live ownership always insufficient
B4_8_98bdbaca0c1d0204,paper_ssp_200m_strong_v1,8,150.0,tr_cdd5f1950a3c_gpu,220.0,auv_07,seg_09,0,,,False,20.0,configs/mission/freshness_challenge.yaml sim_tick_s=20; conflict detector groups same-tick proposers,120.0,agent MissionPlanner.consequential_period_s default 120 (not used as primary),False,False,False,False,False,True,True,NO_CONFLICT_EVIDENCE,CONTRADICTORY_REASSIGNMENT_LINKED > DUPLICATE_LATER_ASSIGNED > NO_CONFLICT_EVIDENCE > INSUFFICIENT_LOGGING; live ownership always insufficient
B4_8_98bdbaca0c1d0204,paper_ssp_200m_strong_v1,8,150.0,tr_cdd5f1950a3c_gpu,220.0,auv_10,seg_09,0,,,False,20.0,configs/mission/freshness_challenge.yaml sim_tick_s=20; conflict detector groups same-tick proposers,120.0,agent MissionPlanner.consequential_period_s default 120 (not used as primary),False,False,False,False,False,True,True,NO_CONFLICT_EVIDENCE,CONTRADICTORY_REASSIGNMENT_LINKED > DUPLICATE_LATER_ASSIGNED > NO_CONFLICT_EVIDENCE > INSUFFICIENT_LOGGING; live ownership always insufficient
B4_8_98bdbaca0c1d0204,paper_ssp_200m_strong_v1,8,150.0,tr_cdd5f1950a3c_gpu,220.0,auv_11,seg_09,0,,,False,20.0,configs/mission/freshness_challenge.yaml sim_tick_s=20; conflict detector groups same-tick proposers,120.0,agent MissionPlanner.consequential_period_s default 120 (not used as primary),False,False,False,False,False,True,True,NO_CONFLICT_EVIDENCE,CONTRADICTORY_REASSIGNMENT_LINKED > DUPLICATE_LATER_ASSIGNED > NO_CONFLICT_EVIDENCE > INSUFFICIENT_LOGGING; live ownership always insufficient
B4_8_edf0265237a646f1,paper_ssp_200m_strong_v1,8,500.0,tr_cdd5f1950a3c_gpu,220.0,auv_06,seg_09,0,,,False,20.0,configs/mission/freshness_challenge.yaml sim_tick_s=20; conflict detector groups same-tick proposers,120.0,agent MissionPlanner.consequential_period_s default 120 (not used as primary),False,False,False,False,False,True,True,NO_CONFLICT_EVIDENCE,CONTRADICTORY_REASSIGNMENT_LINKED > DUPLICATE_LATER_ASSIGNED > NO_CONFLICT_EVIDENCE > INSUFFICIENT_LOGGING; live ownership always insufficient
B4_8_edf0265237a646f1,paper_ssp_200m_strong_v1,8,500.0,tr_cdd5f1950a3c_gpu,220.0,auv_07,seg_09,0,,,False,20.0,configs/mission/freshness_challenge.yaml sim_tick_s=20; conflict detector groups same-tick proposers,120.0,agent MissionPlanner.consequential_period_s default 120 (not used as primary),False,False,False,False,False,True,True,NO_CONFLICT_EVIDENCE,CONTRADICTORY_REASSIGNMENT_LINKED > DUPLICATE_LATER_ASSIGNED > NO_CONFLICT_EVIDENCE > INSUFFICIENT_LOGGING; live ownership always insufficient
B4_8_edf0265237a646f1,paper_ssp_200m_strong_v1,8,500.0,tr_cdd5f1950a3c_gpu,220.0,auv_10,seg_09,0,,,False,20.0,configs/mission/freshness_challenge.yaml sim_tick_s=20; conflict detector groups same-tick proposers,120.0,agent MissionPlanner.consequential_period_s default 120 (not used as primary),False,False,False,False,False,True,True,NO_CONFLICT_EVIDENCE,CONTRADICTORY_REASSIGNMENT_LINKED > DUPLICATE_LATER_ASSIGNED > NO_CONFLICT_EVIDENCE > INSUFFICIENT_LOGGING; live ownership always insufficient
B4_8_edf0265237a646f1,paper_ssp_200m_strong_v1,8,500.0,tr_cdd5f1950a3c_gpu,220.0,auv_11,seg_09,0,,,False,20.0,configs/mission/freshness_challenge.yaml sim_tick_s=20; conflict detector groups same-tick proposers,120.0,agent MissionPlanner.consequential_period_s default 120 (not used as primary),False,False,False,False,False,True,True,NO_CONFLICT_EVIDENCE,CONTRADICTORY_REASSIGNMENT_LINKED > DUPLICATE_LATER_ASSIGNED > NO_CONFLICT_EVIDENCE > INSUFFICIENT_LOGGING; live ownership always insufficient
