run_id,environment,seed,outage,trace_id,config_hash,sim_time,source_auv,target_auv_logged,target_segment_logged,target_auv_reconstructed,target_segment_reconstructed,reconstruction_basis,mission_state_snapshot,target_auv_status,segment_mandatory_reconstructed,segment_completion_logged,recruitment_count_logged,recruitment_limit,connectivity_state,freshness_state,authority_age_s,capsule_id,governor_decision,reason_code,reason_code_basis,mission_beneficial,violates_frozen_risk,oracle_safe,oracle_reason,false_denial_if_denied,rationale,utility_component_metadata,semantic_conflict_on_event
B4_0_00f5fe28e8311550,paper_ssp_200m_strong_v1,0,300.0,tr_41578464d64c_gpu,00f5fe28e8311550,220.0,auv_06,,,auv_09,seg_09,stress fail_i=9 + planner recover/challenge use failed_auv_ids[0] assigned_segment; deny log has no parameters,NOT_LOGGED,failed/SAFE_MODE at mission start (stress); live status at event NOT_LOGGED,True,NOT_LOGGED,NOT_LOGGED,capsule.max_neighbor_recruits default 1 (not in deny log),PARTITIONED,aging,220.0,NOT_LOGGED,DENY,DENY_FORBIDDEN,inferred: aging_remove includes reassign; campaign DENY_CONDITIONAL_UNMET==fresh reassign denies only,True,False,True,reassign_failed_auv_mandatory,True,freshness_challenge_reassign,NOT_ON_EVENT,NOT_ON_EVENT
B4_0_00f5fe28e8311550,paper_ssp_200m_strong_v1,0,300.0,tr_41578464d64c_gpu,00f5fe28e8311550,220.0,auv_07,,,auv_09,seg_09,stress fail_i=9 + planner recover/challenge use failed_auv_ids[0] assigned_segment; deny log has no parameters,NOT_LOGGED,failed/SAFE_MODE at mission start (stress); live status at event NOT_LOGGED,True,NOT_LOGGED,NOT_LOGGED,capsule.max_neighbor_recruits default 1 (not in deny log),PARTITIONED,aging,220.0,NOT_LOGGED,DENY,DENY_FORBIDDEN,inferred: aging_remove includes reassign; campaign DENY_CONDITIONAL_UNMET==fresh reassign denies only,True,False,True,reassign_failed_auv_mandatory,True,freshness_challenge_reassign,NOT_ON_EVENT,NOT_ON_EVENT
B4_0_00f5fe28e8311550,paper_ssp_200m_strong_v1,0,300.0,tr_41578464d64c_gpu,00f5fe28e8311550,220.0,auv_10,,,auv_09,seg_09,stress fail_i=9 + planner recover/challenge use failed_auv_ids[0] assigned_segment; deny log has no parameters,NOT_LOGGED,failed/SAFE_MODE at mission start (stress); live status at event NOT_LOGGED,True,NOT_LOGGED,NOT_LOGGED,capsule.max_neighbor_recruits default 1 (not in deny log),PARTITIONED,aging,220.0,NOT_LOGGED,DENY,DENY_FORBIDDEN,inferred: aging_remove includes reassign; campaign DENY_CONDITIONAL_UNMET==fresh reassign denies only,True,False,True,reassign_failed_auv_mandatory,True,freshness_challenge_reassign,NOT_ON_EVENT,NOT_ON_EVENT
B4_0_00f5fe28e8311550,paper_ssp_200m_strong_v1,0,300.0,tr_41578464d64c_gpu,00f5fe28e8311550,220.0,auv_11,,,auv_09,seg_09,stress fail_i=9 + planner recover/challenge use failed_auv_ids[0] assigned_segment; deny log has no parameters,NOT_LOGGED,failed/SAFE_MODE at mission start (stress); live status at event NOT_LOGGED,True,NOT_LOGGED,NOT_LOGGED,capsule.max_neighbor_recruits default 1 (not in deny log),PARTITIONED,aging,220.0,NOT_LOGGED,DENY,DENY_FORBIDDEN,inferred: aging_remove includes reassign; campaign DENY_CONDITIONAL_UNMET==fresh reassign denies only,True,False,True,reassign_failed_auv_mandatory,True,freshness_challenge_reassign,NOT_ON_EVENT,NOT_ON_EVENT
B4_0_156373d7c40b004e,paper_ssp_200m_strong_v1,0,500.0,tr_41578464d64c_gpu,156373d7c40b004e,220.0,auv_06,,,auv_09,seg_09,stress fail_i=9 + planner recover/challenge use failed_auv_ids[0] assigned_segment; deny log has no parameters,NOT_LOGGED,failed/SAFE_MODE at mission start (stress); live status at event NOT_LOGGED,True,NOT_LOGGED,NOT_LOGGED,capsule.max_neighbor_recruits default 1 (not in deny log),PARTITIONED,aging,220.0,NOT_LOGGED,DENY,DENY_FORBIDDEN,inferred: aging_remove includes reassign; campaign DENY_CONDITIONAL_UNMET==fresh reassign denies only,True,False,True,reassign_failed_auv_mandatory,True,freshness_challenge_reassign,NOT_ON_EVENT,NOT_ON_EVENT
B4_0_156373d7c40b004e,paper_ssp_200m_strong_v1,0,500.0,tr_41578464d64c_gpu,156373d7c40b004e,220.0,auv_07,,,auv_09,seg_09,stress fail_i=9 + planner recover/challenge use failed_auv_ids[0] assigned_segment; deny log has no parameters,NOT_LOGGED,failed/SAFE_MODE at mission start (stress); live status at event NOT_LOGGED,True,NOT_LOGGED,NOT_LOGGED,capsule.max_neighbor_recruits default 1 (not in deny log),PARTITIONED,aging,220.0,NOT_LOGGED,DENY,DENY_FORBIDDEN,inferred: aging_remove includes reassign; campaign DENY_CONDITIONAL_UNMET==fresh reassign denies only,True,False,True,reassign_failed_auv_mandatory,True,freshness_challenge_reassign,NOT_ON_EVENT,NOT_ON_EVENT
B4_0_156373d7c40b004e,paper_ssp_200m_strong_v1,0,500.0,tr_41578464d64c_gpu,156373d7c40b004e,220.0,auv_10,,,auv_09,seg_09,stress fail_i=9 + planner recover/challenge use failed_auv_ids[0] assigned_segment; deny log has no parameters,NOT_LOGGED,failed/SAFE_MODE at mission start (stress); live status at event NOT_LOGGED,True,NOT_LOGGED,NOT_LOGGED,capsule.max_neighbor_recruits default 1 (not in deny log),PARTITIONED,aging,220.0,NOT_LOGGED,DENY,DENY_FORBIDDEN,inferred: aging_remove includes reassign; campaign DENY_CONDITIONAL_UNMET==fresh reassign denies only,True,False,True,reassign_failed_auv_mandatory,True,freshness_challenge_reassign,NOT_ON_EVENT,NOT_ON_EVENT
B4_0_156373d7c40b004e,paper_ssp_200m_strong_v1,0,500.0,tr_41578464d64c_gpu,156373d7c40b004e,220.0,auv_11,,,auv_09,seg_09,stress fail_i=9 + planner recover/challenge use failed_auv_ids[0] assigned_segment; deny log has no parameters,NOT_LOGGED,failed/SAFE_MODE at mission start (stress); live status at event NOT_LOGGED,True,NOT_LOGGED,NOT_LOGGED,capsule.max_neighbor_recruits default 1 (not in deny log),PARTITIONED,aging,220.0,NOT_LOGGED,DENY,DENY_FORBIDDEN,inferred: aging_remove includes reassign; campaign DENY_CONDITIONAL_UNMET==fresh reassign denies only,True,False,True,reassign_failed_auv_mandatory,True,freshness_challenge_reassign,NOT_ON_EVENT,NOT_ON_EVENT
B4_0_66b040879785adf1,paper_ssp_200m_strong_v1,0,150.0,tr_41578464d64c_gpu,66b040879785adf1,220.0,auv_06,,,auv_09,seg_09,stress fail_i=9 + planner recover/challenge use failed_auv_ids[0] assigned_segment; deny log has no parameters,NOT_LOGGED,failed/SAFE_MODE at mission start (stress); live status at event NOT_LOGGED,True,NOT_LOGGED,NOT_LOGGED,capsule.max_neighbor_recruits default 1 (not in deny log),PARTITIONED,aging,220.0,NOT_LOGGED,DENY,DENY_FORBIDDEN,inferred: aging_remove includes reassign; campaign DENY_CONDITIONAL_UNMET==fresh reassign denies only,True,False,True,reassign_failed_auv_mandatory,True,freshness_challenge_reassign,NOT_ON_EVENT,NOT_ON_EVENT
B4_0_66b040879785adf1,paper_ssp_200m_strong_v1,0,150.0,tr_41578464d64c_gpu,66b040879785adf1,220.0,auv_07,,,auv_09,seg_09,stress fail_i=9 + planner recover/challenge use failed_auv_ids[0] assigned_segment; deny log has no parameters,NOT_LOGGED,failed/SAFE_MODE at mission start (stress); live status at event NOT_LOGGED,True,NOT_LOGGED,NOT_LOGGED,capsule.max_neighbor_recruits default 1 (not in deny log),PARTITIONED,aging,220.0,NOT_LOGGED,DENY,DENY_FORBIDDEN,inferred: aging_remove includes reassign; campaign DENY_CONDITIONAL_UNMET==fresh reassign denies only,True,False,True,reassign_failed_auv_mandatory,True,freshness_challenge_reassign,NOT_ON_EVENT,NOT_ON_EVENT
B4_0_66b040879785adf1,paper_ssp_200m_strong_v1,0,150.0,tr_41578464d64c_gpu,66b040879785adf1,220.0,auv_10,,,auv_09,seg_09,stress fail_i=9 + planner recover/challenge use failed_auv_ids[0] assigned_segment; deny log has no parameters,NOT_LOGGED,failed/SAFE_MODE at mission start (stress); live status at event NOT_LOGGED,True,NOT_LOGGED,NOT_LOGGED,capsule.max_neighbor_recruits default 1 (not in deny log),PARTITIONED,aging,220.0,NOT_LOGGED,DENY,DENY_FORBIDDEN,inferred: aging_remove includes reassign; campaign DENY_CONDITIONAL_UNMET==fresh reassign denies only,True,False,True,reassign_failed_auv_mandatory,True,freshness_challenge_reassign,NOT_ON_EVENT,NOT_ON_EVENT
B4_0_66b040879785adf1,paper_ssp_200m_strong_v1,0,150.0,tr_41578464d64c_gpu,66b040879785adf1,220.0,auv_11,,,auv_09,seg_09,stress fail_i=9 + planner recover/challenge use failed_auv_ids[0] assigned_segment; deny log has no parameters,NOT_LOGGED,failed/SAFE_MODE at mission start (stress); live status at event NOT_LOGGED,True,NOT_LOGGED,NOT_LOGGED,capsule.max_neighbor_recruits default 1 (not in deny log),PARTITIONED,aging,220.0,NOT_LOGGED,DENY,DENY_FORBIDDEN,inferred: aging_remove includes reassign; campaign DENY_CONDITIONAL_UNMET==fresh reassign denies only,True,False,True,reassign_failed_auv_mandatory,True,freshness_challenge_reassign,NOT_ON_EVENT,NOT_ON_EVENT
B4_0_7ef56cddb6728de0,paper_ssp_200m_strong_v1,0,0.0,tr_41578464d64c_gpu,7ef56cddb6728de0,220.0,auv_06,,,auv_09,seg_09,stress fail_i=9 + planner recover/challenge use failed_auv_ids[0] assigned_segment; deny log has no parameters,NOT_LOGGED,failed/SAFE_MODE at mission start (stress); live status at event NOT_LOGGED,True,NOT_LOGGED,NOT_LOGGED,capsule.max_neighbor_recruits default 1 (not in deny log),PARTITIONED,aging,220.0,NOT_LOGGED,DENY,DENY_FORBIDDEN,inferred: aging_remove includes reassign; campaign DENY_CONDITIONAL_UNMET==fresh reassign denies only,True,False,True,reassign_failed_auv_mandatory,True,freshness_challenge_reassign,NOT_ON_EVENT,NOT_ON_EVENT
B4_0_7ef56cddb6728de0,paper_ssp_200m_strong_v1,0,0.0,tr_41578464d64c_gpu,7ef56cddb6728de0,220.0,auv_07,,,auv_09,seg_09,stress fail_i=9 + planner recover/challenge use failed_auv_ids[0] assigned_segment; deny log has no parameters,NOT_LOGGED,failed/SAFE_MODE at mission start (stress); live status at event NOT_LOGGED,True,NOT_LOGGED,NOT_LOGGED,capsule.max_neighbor_recruits default 1 (not in deny log),PARTITIONED,aging,220.0,NOT_LOGGED,DENY,DENY_FORBIDDEN,inferred: aging_remove includes reassign; campaign DENY_CONDITIONAL_UNMET==fresh reassign denies only,True,False,True,reassign_failed_auv_mandatory,True,freshness_challenge_reassign,NOT_ON_EVENT,NOT_ON_EVENT
B4_0_7ef56cddb6728de0,paper_ssp_200m_strong_v1,0,0.0,tr_41578464d64c_gpu,7ef56cddb6728de0,220.0,auv_10,,,auv_09,seg_09,stress fail_i=9 + planner recover/challenge use failed_auv_ids[0] assigned_segment; deny log has no parameters,NOT_LOGGED,failed/SAFE_MODE at mission start (stress); live status at event NOT_LOGGED,True,NOT_LOGGED,NOT_LOGGED,capsule.max_neighbor_recruits default 1 (not in deny log),PARTITIONED,aging,220.0,NOT_LOGGED,DENY,DENY_FORBIDDEN,inferred: aging_remove includes reassign; campaign DENY_CONDITIONAL_UNMET==fresh reassign denies only,True,False,True,reassign_failed_auv_mandatory,True,freshness_challenge_reassign,NOT_ON_EVENT,NOT_ON_EVENT
B4_0_7ef56cddb6728de0,paper_ssp_200m_strong_v1,0,0.0,tr_41578464d64c_gpu,7ef56cddb6728de0,220.0,auv_11,,,auv_09,seg_09,stress fail_i=9 + planner recover/challenge use failed_auv_ids[0] assigned_segment; deny log has no parameters,NOT_LOGGED,failed/SAFE_MODE at mission start (stress); live status at event NOT_LOGGED,True,NOT_LOGGED,NOT_LOGGED,capsule.max_neighbor_recruits default 1 (not in deny log),PARTITIONED,aging,220.0,NOT_LOGGED,DENY,DENY_FORBIDDEN,inferred: aging_remove includes reassign; campaign DENY_CONDITIONAL_UNMET==fresh reassign denies only,True,False,True,reassign_failed_auv_mandatory,True,freshness_challenge_reassign,NOT_ON_EVENT,NOT_ON_EVENT
B4_0_ab4aabfdc4a1a401,paper_ssp_200m_strong_v1,0,1000.0,tr_41578464d64c_gpu,ab4aabfdc4a1a401,220.0,auv_06,,,auv_09,seg_09,stress fail_i=9 + planner recover/challenge use failed_auv_ids[0] assigned_segment; deny log has no parameters,NOT_LOGGED,failed/SAFE_MODE at mission start (stress); live status at event NOT_LOGGED,True,NOT_LOGGED,NOT_LOGGED,capsule.max_neighbor_recruits default 1 (not in deny log),PARTITIONED,aging,220.0,NOT_LOGGED,DENY,DENY_FORBIDDEN,inferred: aging_remove includes reassign; campaign DENY_CONDITIONAL_UNMET==fresh reassign denies only,True,False,True,reassign_failed_auv_mandatory,True,freshness_challenge_reassign,NOT_ON_EVENT,NOT_ON_EVENT
B4_0_ab4aabfdc4a1a401,paper_ssp_200m_strong_v1,0,1000.0,tr_41578464d64c_gpu,ab4aabfdc4a1a401,220.0,auv_07,,,auv_09,seg_09,stress fail_i=9 + planner recover/challenge use failed_auv_ids[0] assigned_segment; deny log has no parameters,NOT_LOGGED,failed/SAFE_MODE at mission start (stress); live status at event NOT_LOGGED,True,NOT_LOGGED,NOT_LOGGED,capsule.max_neighbor_recruits default 1 (not in deny log),PARTITIONED,aging,220.0,NOT_LOGGED,DENY,DENY_FORBIDDEN,inferred: aging_remove includes reassign; campaign DENY_CONDITIONAL_UNMET==fresh reassign denies only,True,False,True,reassign_failed_auv_mandatory,True,freshness_challenge_reassign,NOT_ON_EVENT,NOT_ON_EVENT
B4_0_ab4aabfdc4a1a401,paper_ssp_200m_strong_v1,0,1000.0,tr_41578464d64c_gpu,ab4aabfdc4a1a401,220.0,auv_10,,,auv_09,seg_09,stress fail_i=9 + planner recover/challenge use failed_auv_ids[0] assigned_segment; deny log has no parameters,NOT_LOGGED,failed/SAFE_MODE at mission start (stress); live status at event NOT_LOGGED,True,NOT_LOGGED,NOT_LOGGED,capsule.max_neighbor_recruits default 1 (not in deny log),PARTITIONED,aging,220.0,NOT_LOGGED,DENY,DENY_FORBIDDEN,inferred: aging_remove includes reassign; campaign DENY_CONDITIONAL_UNMET==fresh reassign denies only,True,False,True,reassign_failed_auv_mandatory,True,freshness_challenge_reassign,NOT_ON_EVENT,NOT_ON_EVENT
B4_0_ab4aabfdc4a1a401,paper_ssp_200m_strong_v1,0,1000.0,tr_41578464d64c_gpu,ab4aabfdc4a1a401,220.0,auv_11,,,auv_09,seg_09,stress fail_i=9 + planner recover/challenge use failed_auv_ids[0] assigned_segment; deny log has no parameters,NOT_LOGGED,failed/SAFE_MODE at mission start (stress); live status at event NOT_LOGGED,True,NOT_LOGGED,NOT_LOGGED,capsule.max_neighbor_recruits default 1 (not in deny log),PARTITIONED,aging,220.0,NOT_LOGGED,DENY,DENY_FORBIDDEN,inferred: aging_remove includes reassign; campaign DENY_CONDITIONAL_UNMET==fresh reassign denies only,True,False,True,reassign_failed_auv_mandatory,True,freshness_challenge_reassign,NOT_ON_EVENT,NOT_ON_EVENT
B4_0_be30d011885e8efb,paper_ssp_200m_strong_v1,0,750.0,tr_41578464d64c_gpu,be30d011885e8efb,220.0,auv_06,,,auv_09,seg_09,stress fail_i=9 + planner recover/challenge use failed_auv_ids[0] assigned_segment; deny log has no parameters,NOT_LOGGED,failed/SAFE_MODE at mission start (stress); live status at event NOT_LOGGED,True,NOT_LOGGED,NOT_LOGGED,capsule.max_neighbor_recruits default 1 (not in deny log),PARTITIONED,aging,220.0,NOT_LOGGED,DENY,DENY_FORBIDDEN,inferred: aging_remove includes reassign; campaign DENY_CONDITIONAL_UNMET==fresh reassign denies only,True,False,True,reassign_failed_auv_mandatory,True,freshness_challenge_reassign,NOT_ON_EVENT,NOT_ON_EVENT
B4_0_be30d011885e8efb,paper_ssp_200m_strong_v1,0,750.0,tr_41578464d64c_gpu,be30d011885e8efb,220.0,auv_07,,,auv_09,seg_09,stress fail_i=9 + planner recover/challenge use failed_auv_ids[0] assigned_segment; deny log has no parameters,NOT_LOGGED,failed/SAFE_MODE at mission start (stress); live status at event NOT_LOGGED,True,NOT_LOGGED,NOT_LOGGED,capsule.max_neighbor_recruits default 1 (not in deny log),PARTITIONED,aging,220.0,NOT_LOGGED,DENY,DENY_FORBIDDEN,inferred: aging_remove includes reassign; campaign DENY_CONDITIONAL_UNMET==fresh reassign denies only,True,False,True,reassign_failed_auv_mandatory,True,freshness_challenge_reassign,NOT_ON_EVENT,NOT_ON_EVENT
B4_0_be30d011885e8efb,paper_ssp_200m_strong_v1,0,750.0,tr_41578464d64c_gpu,be30d011885e8efb,220.0,auv_10,,,auv_09,seg_09,stress fail_i=9 + planner recover/challenge use failed_auv_ids[0] assigned_segment; deny log has no parameters,NOT_LOGGED,failed/SAFE_MODE at mission start (stress); live status at event NOT_LOGGED,True,NOT_LOGGED,NOT_LOGGED,capsule.max_neighbor_recruits default 1 (not in deny log),PARTITIONED,aging,220.0,NOT_LOGGED,DENY,DENY_FORBIDDEN,inferred: aging_remove includes reassign; campaign DENY_CONDITIONAL_UNMET==fresh reassign denies only,True,False,True,reassign_failed_auv_mandatory,True,freshness_challenge_reassign,NOT_ON_EVENT,NOT_ON_EVENT
B4_0_be30d011885e8efb,paper_ssp_200m_strong_v1,0,750.0,tr_41578464d64c_gpu,be30d011885e8efb,220.0,auv_11,,,auv_09,seg_09,stress fail_i=9 + planner recover/challenge use failed_auv_ids[0] assigned_segment; deny log has no parameters,NOT_LOGGED,failed/SAFE_MODE at mission start (stress); live status at event NOT_LOGGED,True,NOT_LOGGED,NOT_LOGGED,capsule.max_neighbor_recruits default 1 (not in deny log),PARTITIONED,aging,220.0,NOT_LOGGED,DENY,DENY_FORBIDDEN,inferred: aging_remove includes reassign; campaign DENY_CONDITIONAL_UNMET==fresh reassign denies only,True,False,True,reassign_failed_auv_mandatory,True,freshness_challenge_reassign,NOT_ON_EVENT,NOT_ON_EVENT
B4_8_2dd7c0e065c3f957,paper_ssp_200m_strong_v1,8,300.0,tr_cdd5f1950a3c_gpu,2dd7c0e065c3f957,220.0,auv_06,,,auv_09,seg_09,stress fail_i=9 + planner recover/challenge use failed_auv_ids[0] assigned_segment; deny log has no parameters,NOT_LOGGED,failed/SAFE_MODE at mission start (stress); live status at event NOT_LOGGED,True,NOT_LOGGED,NOT_LOGGED,capsule.max_neighbor_recruits default 1 (not in deny log),PARTITIONED,aging,220.0,NOT_LOGGED,DENY,DENY_FORBIDDEN,inferred: aging_remove includes reassign; campaign DENY_CONDITIONAL_UNMET==fresh reassign denies only,True,False,True,reassign_failed_auv_mandatory,True,freshness_challenge_reassign,NOT_ON_EVENT,NOT_ON_EVENT
B4_8_2dd7c0e065c3f957,paper_ssp_200m_strong_v1,8,300.0,tr_cdd5f1950a3c_gpu,2dd7c0e065c3f957,220.0,auv_07,,,auv_09,seg_09,stress fail_i=9 + planner recover/challenge use failed_auv_ids[0] assigned_segment; deny log has no parameters,NOT_LOGGED,failed/SAFE_MODE at mission start (stress); live status at event NOT_LOGGED,True,NOT_LOGGED,NOT_LOGGED,capsule.max_neighbor_recruits default 1 (not in deny log),PARTITIONED,aging,220.0,NOT_LOGGED,DENY,DENY_FORBIDDEN,inferred: aging_remove includes reassign; campaign DENY_CONDITIONAL_UNMET==fresh reassign denies only,True,False,True,reassign_failed_auv_mandatory,True,freshness_challenge_reassign,NOT_ON_EVENT,NOT_ON_EVENT
B4_8_2dd7c0e065c3f957,paper_ssp_200m_strong_v1,8,300.0,tr_cdd5f1950a3c_gpu,2dd7c0e065c3f957,220.0,auv_10,,,auv_09,seg_09,stress fail_i=9 + planner recover/challenge use failed_auv_ids[0] assigned_segment; deny log has no parameters,NOT_LOGGED,failed/SAFE_MODE at mission start (stress); live status at event NOT_LOGGED,True,NOT_LOGGED,NOT_LOGGED,capsule.max_neighbor_recruits default 1 (not in deny log),PARTITIONED,aging,220.0,NOT_LOGGED,DENY,DENY_FORBIDDEN,inferred: aging_remove includes reassign; campaign DENY_CONDITIONAL_UNMET==fresh reassign denies only,True,False,True,reassign_failed_auv_mandatory,True,freshness_challenge_reassign,NOT_ON_EVENT,NOT_ON_EVENT
B4_8_2dd7c0e065c3f957,paper_ssp_200m_strong_v1,8,300.0,tr_cdd5f1950a3c_gpu,2dd7c0e065c3f957,220.0,auv_11,,,auv_09,seg_09,stress fail_i=9 + planner recover/challenge use failed_auv_ids[0] assigned_segment; deny log has no parameters,NOT_LOGGED,failed/SAFE_MODE at mission start (stress); live status at event NOT_LOGGED,True,NOT_LOGGED,NOT_LOGGED,capsule.max_neighbor_recruits default 1 (not in deny log),PARTITIONED,aging,220.0,NOT_LOGGED,DENY,DENY_FORBIDDEN,inferred: aging_remove includes reassign; campaign DENY_CONDITIONAL_UNMET==fresh reassign denies only,True,False,True,reassign_failed_auv_mandatory,True,freshness_challenge_reassign,NOT_ON_EVENT,NOT_ON_EVENT
B4_8_5b412e7813f385bd,paper_ssp_200m_strong_v1,8,750.0,tr_cdd5f1950a3c_gpu,5b412e7813f385bd,220.0,auv_06,,,auv_09,seg_09,stress fail_i=9 + planner recover/challenge use failed_auv_ids[0] assigned_segment; deny log has no parameters,NOT_LOGGED,failed/SAFE_MODE at mission start (stress); live status at event NOT_LOGGED,True,NOT_LOGGED,NOT_LOGGED,capsule.max_neighbor_recruits default 1 (not in deny log),PARTITIONED,aging,220.0,NOT_LOGGED,DENY,DENY_FORBIDDEN,inferred: aging_remove includes reassign; campaign DENY_CONDITIONAL_UNMET==fresh reassign denies only,True,False,True,reassign_failed_auv_mandatory,True,freshness_challenge_reassign,NOT_ON_EVENT,NOT_ON_EVENT
B4_8_5b412e7813f385bd,paper_ssp_200m_strong_v1,8,750.0,tr_cdd5f1950a3c_gpu,5b412e7813f385bd,220.0,auv_07,,,auv_09,seg_09,stress fail_i=9 + planner recover/challenge use failed_auv_ids[0] assigned_segment; deny log has no parameters,NOT_LOGGED,failed/SAFE_MODE at mission start (stress); live status at event NOT_LOGGED,True,NOT_LOGGED,NOT_LOGGED,capsule.max_neighbor_recruits default 1 (not in deny log),PARTITIONED,aging,220.0,NOT_LOGGED,DENY,DENY_FORBIDDEN,inferred: aging_remove includes reassign; campaign DENY_CONDITIONAL_UNMET==fresh reassign denies only,True,False,True,reassign_failed_auv_mandatory,True,freshness_challenge_reassign,NOT_ON_EVENT,NOT_ON_EVENT
B4_8_5b412e7813f385bd,paper_ssp_200m_strong_v1,8,750.0,tr_cdd5f1950a3c_gpu,5b412e7813f385bd,220.0,auv_10,,,auv_09,seg_09,stress fail_i=9 + planner recover/challenge use failed_auv_ids[0] assigned_segment; deny log has no parameters,NOT_LOGGED,failed/SAFE_MODE at mission start (stress); live status at event NOT_LOGGED,True,NOT_LOGGED,NOT_LOGGED,capsule.max_neighbor_recruits default 1 (not in deny log),PARTITIONED,aging,220.0,NOT_LOGGED,DENY,DENY_FORBIDDEN,inferred: aging_remove includes reassign; campaign DENY_CONDITIONAL_UNMET==fresh reassign denies only,True,False,True,reassign_failed_auv_mandatory,True,freshness_challenge_reassign,NOT_ON_EVENT,NOT_ON_EVENT
B4_8_5b412e7813f385bd,paper_ssp_200m_strong_v1,8,750.0,tr_cdd5f1950a3c_gpu,5b412e7813f385bd,220.0,auv_11,,,auv_09,seg_09,stress fail_i=9 + planner recover/challenge use failed_auv_ids[0] assigned_segment; deny log has no parameters,NOT_LOGGED,failed/SAFE_MODE at mission start (stress); live status at event NOT_LOGGED,True,NOT_LOGGED,NOT_LOGGED,capsule.max_neighbor_recruits default 1 (not in deny log),PARTITIONED,aging,220.0,NOT_LOGGED,DENY,DENY_FORBIDDEN,inferred: aging_remove includes reassign; campaign DENY_CONDITIONAL_UNMET==fresh reassign denies only,True,False,True,reassign_failed_auv_mandatory,True,freshness_challenge_reassign,NOT_ON_EVENT,NOT_ON_EVENT
B4_8_81c15f76451e529b,paper_ssp_200m_strong_v1,8,1000.0,tr_cdd5f1950a3c_gpu,81c15f76451e529b,220.0,auv_06,,,auv_09,seg_09,stress fail_i=9 + planner recover/challenge use failed_auv_ids[0] assigned_segment; deny log has no parameters,NOT_LOGGED,failed/SAFE_MODE at mission start (stress); live status at event NOT_LOGGED,True,NOT_LOGGED,NOT_LOGGED,capsule.max_neighbor_recruits default 1 (not in deny log),PARTITIONED,aging,220.0,NOT_LOGGED,DENY,DENY_FORBIDDEN,inferred: aging_remove includes reassign; campaign DENY_CONDITIONAL_UNMET==fresh reassign denies only,True,False,True,reassign_failed_auv_mandatory,True,freshness_challenge_reassign,NOT_ON_EVENT,NOT_ON_EVENT
B4_8_81c15f76451e529b,paper_ssp_200m_strong_v1,8,1000.0,tr_cdd5f1950a3c_gpu,81c15f76451e529b,220.0,auv_07,,,auv_09,seg_09,stress fail_i=9 + planner recover/challenge use failed_auv_ids[0] assigned_segment; deny log has no parameters,NOT_LOGGED,failed/SAFE_MODE at mission start (stress); live status at event NOT_LOGGED,True,NOT_LOGGED,NOT_LOGGED,capsule.max_neighbor_recruits default 1 (not in deny log),PARTITIONED,aging,220.0,NOT_LOGGED,DENY,DENY_FORBIDDEN,inferred: aging_remove includes reassign; campaign DENY_CONDITIONAL_UNMET==fresh reassign denies only,True,False,True,reassign_failed_auv_mandatory,True,freshness_challenge_reassign,NOT_ON_EVENT,NOT_ON_EVENT
B4_8_81c15f76451e529b,paper_ssp_200m_strong_v1,8,1000.0,tr_cdd5f1950a3c_gpu,81c15f76451e529b,220.0,auv_10,,,auv_09,seg_09,stress fail_i=9 + planner recover/challenge use failed_auv_ids[0] assigned_segment; deny log has no parameters,NOT_LOGGED,failed/SAFE_MODE at mission start (stress); live status at event NOT_LOGGED,True,NOT_LOGGED,NOT_LOGGED,capsule.max_neighbor_recruits default 1 (not in deny log),PARTITIONED,aging,220.0,NOT_LOGGED,DENY,DENY_FORBIDDEN,inferred: aging_remove includes reassign; campaign DENY_CONDITIONAL_UNMET==fresh reassign denies only,True,False,True,reassign_failed_auv_mandatory,True,freshness_challenge_reassign,NOT_ON_EVENT,NOT_ON_EVENT
B4_8_81c15f76451e529b,paper_ssp_200m_strong_v1,8,1000.0,tr_cdd5f1950a3c_gpu,81c15f76451e529b,220.0,auv_11,,,auv_09,seg_09,stress fail_i=9 + planner recover/challenge use failed_auv_ids[0] assigned_segment; deny log has no parameters,NOT_LOGGED,failed/SAFE_MODE at mission start (stress); live status at event NOT_LOGGED,True,NOT_LOGGED,NOT_LOGGED,capsule.max_neighbor_recruits default 1 (not in deny log),PARTITIONED,aging,220.0,NOT_LOGGED,DENY,DENY_FORBIDDEN,inferred: aging_remove includes reassign; campaign DENY_CONDITIONAL_UNMET==fresh reassign denies only,True,False,True,reassign_failed_auv_mandatory,True,freshness_challenge_reassign,NOT_ON_EVENT,NOT_ON_EVENT
B4_8_91d14137d47e3c83,paper_ssp_200m_strong_v1,8,0.0,tr_cdd5f1950a3c_gpu,91d14137d47e3c83,220.0,auv_06,,,auv_09,seg_09,stress fail_i=9 + planner recover/challenge use failed_auv_ids[0] assigned_segment; deny log has no parameters,NOT_LOGGED,failed/SAFE_MODE at mission start (stress); live status at event NOT_LOGGED,True,NOT_LOGGED,NOT_LOGGED,capsule.max_neighbor_recruits default 1 (not in deny log),PARTITIONED,aging,220.0,NOT_LOGGED,DENY,DENY_FORBIDDEN,inferred: aging_remove includes reassign; campaign DENY_CONDITIONAL_UNMET==fresh reassign denies only,True,False,True,reassign_failed_auv_mandatory,True,freshness_challenge_reassign,NOT_ON_EVENT,NOT_ON_EVENT
B4_8_91d14137d47e3c83,paper_ssp_200m_strong_v1,8,0.0,tr_cdd5f1950a3c_gpu,91d14137d47e3c83,220.0,auv_07,,,auv_09,seg_09,stress fail_i=9 + planner recover/challenge use failed_auv_ids[0] assigned_segment; deny log has no parameters,NOT_LOGGED,failed/SAFE_MODE at mission start (stress); live status at event NOT_LOGGED,True,NOT_LOGGED,NOT_LOGGED,capsule.max_neighbor_recruits default 1 (not in deny log),PARTITIONED,aging,220.0,NOT_LOGGED,DENY,DENY_FORBIDDEN,inferred: aging_remove includes reassign; campaign DENY_CONDITIONAL_UNMET==fresh reassign denies only,True,False,True,reassign_failed_auv_mandatory,True,freshness_challenge_reassign,NOT_ON_EVENT,NOT_ON_EVENT
B4_8_91d14137d47e3c83,paper_ssp_200m_strong_v1,8,0.0,tr_cdd5f1950a3c_gpu,91d14137d47e3c83,220.0,auv_10,,,auv_09,seg_09,stress fail_i=9 + planner recover/challenge use failed_auv_ids[0] assigned_segment; deny log has no parameters,NOT_LOGGED,failed/SAFE_MODE at mission start (stress); live status at event NOT_LOGGED,True,NOT_LOGGED,NOT_LOGGED,capsule.max_neighbor_recruits default 1 (not in deny log),PARTITIONED,aging,220.0,NOT_LOGGED,DENY,DENY_FORBIDDEN,inferred: aging_remove includes reassign; campaign DENY_CONDITIONAL_UNMET==fresh reassign denies only,True,False,True,reassign_failed_auv_mandatory,True,freshness_challenge_reassign,NOT_ON_EVENT,NOT_ON_EVENT
B4_8_91d14137d47e3c83,paper_ssp_200m_strong_v1,8,0.0,tr_cdd5f1950a3c_gpu,91d14137d47e3c83,220.0,auv_11,,,auv_09,seg_09,stress fail_i=9 + planner recover/challenge use failed_auv_ids[0] assigned_segment; deny log has no parameters,NOT_LOGGED,failed/SAFE_MODE at mission start (stress); live status at event NOT_LOGGED,True,NOT_LOGGED,NOT_LOGGED,capsule.max_neighbor_recruits default 1 (not in deny log),PARTITIONED,aging,220.0,NOT_LOGGED,DENY,DENY_FORBIDDEN,inferred: aging_remove includes reassign; campaign DENY_CONDITIONAL_UNMET==fresh reassign denies only,True,False,True,reassign_failed_auv_mandatory,True,freshness_challenge_reassign,NOT_ON_EVENT,NOT_ON_EVENT
B4_8_98bdbaca0c1d0204,paper_ssp_200m_strong_v1,8,150.0,tr_cdd5f1950a3c_gpu,98bdbaca0c1d0204,220.0,auv_06,,,auv_09,seg_09,stress fail_i=9 + planner recover/challenge use failed_auv_ids[0] assigned_segment; deny log has no parameters,NOT_LOGGED,failed/SAFE_MODE at mission start (stress); live status at event NOT_LOGGED,True,NOT_LOGGED,NOT_LOGGED,capsule.max_neighbor_recruits default 1 (not in deny log),PARTITIONED,aging,220.0,NOT_LOGGED,DENY,DENY_FORBIDDEN,inferred: aging_remove includes reassign; campaign DENY_CONDITIONAL_UNMET==fresh reassign denies only,True,False,True,reassign_failed_auv_mandatory,True,freshness_challenge_reassign,NOT_ON_EVENT,NOT_ON_EVENT
B4_8_98bdbaca0c1d0204,paper_ssp_200m_strong_v1,8,150.0,tr_cdd5f1950a3c_gpu,98bdbaca0c1d0204,220.0,auv_07,,,auv_09,seg_09,stress fail_i=9 + planner recover/challenge use failed_auv_ids[0] assigned_segment; deny log has no parameters,NOT_LOGGED,failed/SAFE_MODE at mission start (stress); live status at event NOT_LOGGED,True,NOT_LOGGED,NOT_LOGGED,capsule.max_neighbor_recruits default 1 (not in deny log),PARTITIONED,aging,220.0,NOT_LOGGED,DENY,DENY_FORBIDDEN,inferred: aging_remove includes reassign; campaign DENY_CONDITIONAL_UNMET==fresh reassign denies only,True,False,True,reassign_failed_auv_mandatory,True,freshness_challenge_reassign,NOT_ON_EVENT,NOT_ON_EVENT
B4_8_98bdbaca0c1d0204,paper_ssp_200m_strong_v1,8,150.0,tr_cdd5f1950a3c_gpu,98bdbaca0c1d0204,220.0,auv_10,,,auv_09,seg_09,stress fail_i=9 + planner recover/challenge use failed_auv_ids[0] assigned_segment; deny log has no parameters,NOT_LOGGED,failed/SAFE_MODE at mission start (stress); live status at event NOT_LOGGED,True,NOT_LOGGED,NOT_LOGGED,capsule.max_neighbor_recruits default 1 (not in deny log),PARTITIONED,aging,220.0,NOT_LOGGED,DENY,DENY_FORBIDDEN,inferred: aging_remove includes reassign; campaign DENY_CONDITIONAL_UNMET==fresh reassign denies only,True,False,True,reassign_failed_auv_mandatory,True,freshness_challenge_reassign,NOT_ON_EVENT,NOT_ON_EVENT
B4_8_98bdbaca0c1d0204,paper_ssp_200m_strong_v1,8,150.0,tr_cdd5f1950a3c_gpu,98bdbaca0c1d0204,220.0,auv_11,,,auv_09,seg_09,stress fail_i=9 + planner recover/challenge use failed_auv_ids[0] assigned_segment; deny log has no parameters,NOT_LOGGED,failed/SAFE_MODE at mission start (stress); live status at event NOT_LOGGED,True,NOT_LOGGED,NOT_LOGGED,capsule.max_neighbor_recruits default 1 (not in deny log),PARTITIONED,aging,220.0,NOT_LOGGED,DENY,DENY_FORBIDDEN,inferred: aging_remove includes reassign; campaign DENY_CONDITIONAL_UNMET==fresh reassign denies only,True,False,True,reassign_failed_auv_mandatory,True,freshness_challenge_reassign,NOT_ON_EVENT,NOT_ON_EVENT
B4_8_edf0265237a646f1,paper_ssp_200m_strong_v1,8,500.0,tr_cdd5f1950a3c_gpu,edf0265237a646f1,220.0,auv_06,,,auv_09,seg_09,stress fail_i=9 + planner recover/challenge use failed_auv_ids[0] assigned_segment; deny log has no parameters,NOT_LOGGED,failed/SAFE_MODE at mission start (stress); live status at event NOT_LOGGED,True,NOT_LOGGED,NOT_LOGGED,capsule.max_neighbor_recruits default 1 (not in deny log),PARTITIONED,aging,220.0,NOT_LOGGED,DENY,DENY_FORBIDDEN,inferred: aging_remove includes reassign; campaign DENY_CONDITIONAL_UNMET==fresh reassign denies only,True,False,True,reassign_failed_auv_mandatory,True,freshness_challenge_reassign,NOT_ON_EVENT,NOT_ON_EVENT
B4_8_edf0265237a646f1,paper_ssp_200m_strong_v1,8,500.0,tr_cdd5f1950a3c_gpu,edf0265237a646f1,220.0,auv_07,,,auv_09,seg_09,stress fail_i=9 + planner recover/challenge use failed_auv_ids[0] assigned_segment; deny log has no parameters,NOT_LOGGED,failed/SAFE_MODE at mission start (stress); live status at event NOT_LOGGED,True,NOT_LOGGED,NOT_LOGGED,capsule.max_neighbor_recruits default 1 (not in deny log),PARTITIONED,aging,220.0,NOT_LOGGED,DENY,DENY_FORBIDDEN,inferred: aging_remove includes reassign; campaign DENY_CONDITIONAL_UNMET==fresh reassign denies only,True,False,True,reassign_failed_auv_mandatory,True,freshness_challenge_reassign,NOT_ON_EVENT,NOT_ON_EVENT
B4_8_edf0265237a646f1,paper_ssp_200m_strong_v1,8,500.0,tr_cdd5f1950a3c_gpu,edf0265237a646f1,220.0,auv_10,,,auv_09,seg_09,stress fail_i=9 + planner recover/challenge use failed_auv_ids[0] assigned_segment; deny log has no parameters,NOT_LOGGED,failed/SAFE_MODE at mission start (stress); live status at event NOT_LOGGED,True,NOT_LOGGED,NOT_LOGGED,capsule.max_neighbor_recruits default 1 (not in deny log),PARTITIONED,aging,220.0,NOT_LOGGED,DENY,DENY_FORBIDDEN,inferred: aging_remove includes reassign; campaign DENY_CONDITIONAL_UNMET==fresh reassign denies only,True,False,True,reassign_failed_auv_mandatory,True,freshness_challenge_reassign,NOT_ON_EVENT,NOT_ON_EVENT
B4_8_edf0265237a646f1,paper_ssp_200m_strong_v1,8,500.0,tr_cdd5f1950a3c_gpu,edf0265237a646f1,220.0,auv_11,,,auv_09,seg_09,stress fail_i=9 + planner recover/challenge use failed_auv_ids[0] assigned_segment; deny log has no parameters,NOT_LOGGED,failed/SAFE_MODE at mission start (stress); live status at event NOT_LOGGED,True,NOT_LOGGED,NOT_LOGGED,capsule.max_neighbor_recruits default 1 (not in deny log),PARTITIONED,aging,220.0,NOT_LOGGED,DENY,DENY_FORBIDDEN,inferred: aging_remove includes reassign; campaign DENY_CONDITIONAL_UNMET==fresh reassign denies only,True,False,True,reassign_failed_auv_mandatory,True,freshness_challenge_reassign,NOT_ON_EVENT,NOT_ON_EVENT
