run_id,sim_time,source_auv,support,note,would_overlap_if_executed
B4_0_00f5fe28e8311550,220.0,auv_06,NO_SUPPORT,no contradictory_reassignment on reconstructed seg_09 in this run,UNKNOWN_NOT_REPLAYED
B4_0_00f5fe28e8311550,220.0,auv_07,NO_SUPPORT,no contradictory_reassignment on reconstructed seg_09 in this run,UNKNOWN_NOT_REPLAYED
B4_0_00f5fe28e8311550,220.0,auv_10,NO_SUPPORT,no contradictory_reassignment on reconstructed seg_09 in this run,UNKNOWN_NOT_REPLAYED
B4_0_00f5fe28e8311550,220.0,auv_11,NO_SUPPORT,no contradictory_reassignment on reconstructed seg_09 in this run,UNKNOWN_NOT_REPLAYED
B4_0_156373d7c40b004e,220.0,auv_06,NO_SUPPORT,no contradictory_reassignment on reconstructed seg_09 in this run,UNKNOWN_NOT_REPLAYED
B4_0_156373d7c40b004e,220.0,auv_07,NO_SUPPORT,no contradictory_reassignment on reconstructed seg_09 in this run,UNKNOWN_NOT_REPLAYED
B4_0_156373d7c40b004e,220.0,auv_10,NO_SUPPORT,no contradictory_reassignment on reconstructed seg_09 in this run,UNKNOWN_NOT_REPLAYED
B4_0_156373d7c40b004e,220.0,auv_11,NO_SUPPORT,no contradictory_reassignment on reconstructed seg_09 in this run,UNKNOWN_NOT_REPLAYED
B4_0_66b040879785adf1,220.0,auv_06,NO_SUPPORT,no contradictory_reassignment on reconstructed seg_09 in this run,UNKNOWN_NOT_REPLAYED
B4_0_66b040879785adf1,220.0,auv_07,NO_SUPPORT,no contradictory_reassignment on reconstructed seg_09 in this run,UNKNOWN_NOT_REPLAYED
B4_0_66b040879785adf1,220.0,auv_10,NO_SUPPORT,no contradictory_reassignment on reconstructed seg_09 in this run,UNKNOWN_NOT_REPLAYED
B4_0_66b040879785adf1,220.0,auv_11,NO_SUPPORT,no contradictory_reassignment on reconstructed seg_09 in this run,UNKNOWN_NOT_REPLAYED
B4_0_7ef56cddb6728de0,220.0,auv_06,NO_SUPPORT,no contradictory_reassignment on reconstructed seg_09 in this run,UNKNOWN_NOT_REPLAYED
B4_0_7ef56cddb6728de0,220.0,auv_07,NO_SUPPORT,no contradictory_reassignment on reconstructed seg_09 in this run,UNKNOWN_NOT_REPLAYED
B4_0_7ef56cddb6728de0,220.0,auv_10,NO_SUPPORT,no contradictory_reassignment on reconstructed seg_09 in this run,UNKNOWN_NOT_REPLAYED
B4_0_7ef56cddb6728de0,220.0,auv_11,NO_SUPPORT,no contradictory_reassignment on reconstructed seg_09 in this run,UNKNOWN_NOT_REPLAYED
B4_0_ab4aabfdc4a1a401,220.0,auv_06,NO_SUPPORT,no contradictory_reassignment on reconstructed seg_09 in this run,UNKNOWN_NOT_REPLAYED
B4_0_ab4aabfdc4a1a401,220.0,auv_07,NO_SUPPORT,no contradictory_reassignment on reconstructed seg_09 in this run,UNKNOWN_NOT_REPLAYED
B4_0_ab4aabfdc4a1a401,220.0,auv_10,NO_SUPPORT,no contradictory_reassignment on reconstructed seg_09 in this run,UNKNOWN_NOT_REPLAYED
B4_0_ab4aabfdc4a1a401,220.0,auv_11,NO_SUPPORT,no contradictory_reassignment on reconstructed seg_09 in this run,UNKNOWN_NOT_REPLAYED
B4_0_be30d011885e8efb,220.0,auv_06,NO_SUPPORT,no contradictory_reassignment on reconstructed seg_09 in this run,UNKNOWN_NOT_REPLAYED
B4_0_be30d011885e8efb,220.0,auv_07,NO_SUPPORT,no contradictory_reassignment on reconstructed seg_09 in this run,UNKNOWN_NOT_REPLAYED
B4_0_be30d011885e8efb,220.0,auv_10,NO_SUPPORT,no contradictory_reassignment on reconstructed seg_09 in this run,UNKNOWN_NOT_REPLAYED
B4_0_be30d011885e8efb,220.0,auv_11,NO_SUPPORT,no contradictory_reassignment on reconstructed seg_09 in this run,UNKNOWN_NOT_REPLAYED
B4_8_2dd7c0e065c3f957,220.0,auv_06,NO_SUPPORT,no contradictory_reassignment on reconstructed seg_09 in this run,UNKNOWN_NOT_REPLAYED
B4_8_2dd7c0e065c3f957,220.0,auv_07,NO_SUPPORT,no contradictory_reassignment on reconstructed seg_09 in this run,UNKNOWN_NOT_REPLAYED
B4_8_2dd7c0e065c3f957,220.0,auv_10,NO_SUPPORT,no contradictory_reassignment on reconstructed seg_09 in this run,UNKNOWN_NOT_REPLAYED
B4_8_2dd7c0e065c3f957,220.0,auv_11,NO_SUPPORT,no contradictory_reassignment on reconstructed seg_09 in this run,UNKNOWN_NOT_REPLAYED
B4_8_5b412e7813f385bd,220.0,auv_06,NO_SUPPORT,no contradictory_reassignment on reconstructed seg_09 in this run,UNKNOWN_NOT_REPLAYED
B4_8_5b412e7813f385bd,220.0,auv_07,NO_SUPPORT,no contradictory_reassignment on reconstructed seg_09 in this run,UNKNOWN_NOT_REPLAYED
B4_8_5b412e7813f385bd,220.0,auv_10,NO_SUPPORT,no contradictory_reassignment on reconstructed seg_09 in this run,UNKNOWN_NOT_REPLAYED
B4_8_5b412e7813f385bd,220.0,auv_11,NO_SUPPORT,no contradictory_reassignment on reconstructed seg_09 in this run,UNKNOWN_NOT_REPLAYED
B4_8_81c15f76451e529b,220.0,auv_06,NO_SUPPORT,no contradictory_reassignment on reconstructed seg_09 in this run,UNKNOWN_NOT_REPLAYED
B4_8_81c15f76451e529b,220.0,auv_07,NO_SUPPORT,no contradictory_reassignment on reconstructed seg_09 in this run,UNKNOWN_NOT_REPLAYED
B4_8_81c15f76451e529b,220.0,auv_10,NO_SUPPORT,no contradictory_reassignment on reconstructed seg_09 in this run,UNKNOWN_NOT_REPLAYED
B4_8_81c15f76451e529b,220.0,auv_11,NO_SUPPORT,no contradictory_reassignment on reconstructed seg_09 in this run,UNKNOWN_NOT_REPLAYED
B4_8_91d14137d47e3c83,220.0,auv_06,NO_SUPPORT,no contradictory_reassignment on reconstructed seg_09 in this run,UNKNOWN_NOT_REPLAYED
B4_8_91d14137d47e3c83,220.0,auv_07,NO_SUPPORT,no contradictory_reassignment on reconstructed seg_09 in this run,UNKNOWN_NOT_REPLAYED
B4_8_91d14137d47e3c83,220.0,auv_10,NO_SUPPORT,no contradictory_reassignment on reconstructed seg_09 in this run,UNKNOWN_NOT_REPLAYED
B4_8_91d14137d47e3c83,220.0,auv_11,NO_SUPPORT,no contradictory_reassignment on reconstructed seg_09 in this run,UNKNOWN_NOT_REPLAYED
B4_8_98bdbaca0c1d0204,220.0,auv_06,NO_SUPPORT,no contradictory_reassignment on reconstructed seg_09 in this run,UNKNOWN_NOT_REPLAYED
B4_8_98bdbaca0c1d0204,220.0,auv_07,NO_SUPPORT,no contradictory_reassignment on reconstructed seg_09 in this run,UNKNOWN_NOT_REPLAYED
B4_8_98bdbaca0c1d0204,220.0,auv_10,NO_SUPPORT,no contradictory_reassignment on reconstructed seg_09 in this run,UNKNOWN_NOT_REPLAYED
B4_8_98bdbaca0c1d0204,220.0,auv_11,NO_SUPPORT,no contradictory_reassignment on reconstructed seg_09 in this run,UNKNOWN_NOT_REPLAYED
B4_8_edf0265237a646f1,220.0,auv_06,NO_SUPPORT,no contradictory_reassignment on reconstructed seg_09 in this run,UNKNOWN_NOT_REPLAYED
B4_8_edf0265237a646f1,220.0,auv_07,NO_SUPPORT,no contradictory_reassignment on reconstructed seg_09 in this run,UNKNOWN_NOT_REPLAYED
B4_8_edf0265237a646f1,220.0,auv_10,NO_SUPPORT,no contradictory_reassignment on reconstructed seg_09 in this run,UNKNOWN_NOT_REPLAYED
B4_8_edf0265237a646f1,220.0,auv_11,NO_SUPPORT,no contradictory_reassignment on reconstructed seg_09 in this run,UNKNOWN_NOT_REPLAYED
