baseline,outage,metric,n,mean,ci95_lo,ci95_hi
B1,0,mission_utility,30,42.72060666666665,35.347829109079775,50.09338422425352
B1,0,hard_safety_violation_rate,30,0.9200000000000003,0.8214285714285717,0.9857142857142861
B1,0,safe_useful_retention,30,0.9333333333333333,0.8333333333333334,1.0
B1,0,semantic_conflicts_per_mission,30,0.9333333333333333,0.8387467588281302,1.0279199078385366
B2,0,mission_utility,30,36.91674999999998,21.309468627125305,52.52403137287465
B2,0,hard_safety_violation_rate,30,0.982172284644195,0.9768592830390586,0.9857142857142861
B2,0,safe_useful_retention,30,1.0,1.0,1.0
B2,0,semantic_conflicts_per_mission,30,1.5333333333333334,0.776640737291708,2.2900259293749587
B3,0,mission_utility,30,-30.046093333333328,-30.046244671852538,-30.045941994814118
B3,0,hard_safety_violation_rate,30,0.0,0.0,0.0
B3,0,safe_useful_retention,30,0.0,0.0,0.0
B3,0,semantic_conflicts_per_mission,30,0.0,0.0,0.0
B4,0,mission_utility,30,-18.04514,-18.04664392653463,-18.04363607346537
B4,0,hard_safety_violation_rate,30,0.0,0.0,0.0
B4,0,safe_useful_retention,30,0.9466666666666667,0.8666666666666667,1.0
B4,0,semantic_conflicts_per_mission,30,0.0,0.0,0.0
B5_nominal,0,mission_utility,30,36.91674999999998,21.309468627125305,52.52403137287465
B5_nominal,0,hard_safety_violation_rate,30,0.982172284644195,0.9768592830390586,0.9857142857142861
B5_nominal,0,safe_useful_retention,30,1.0,1.0,1.0
B5_nominal,0,semantic_conflicts_per_mission,30,1.5333333333333334,0.776640737291708,2.2900259293749587
B1,150,mission_utility,30,42.721166666666676,35.3483323571351,50.09400097619825
B1,150,hard_safety_violation_rate,30,0.8105263157894738,0.7236842105263158,0.868421052631579
B1,150,safe_useful_retention,30,0.9333333333333333,0.8333333333333334,1.0
B1,150,semantic_conflicts_per_mission,30,0.9333333333333333,0.8387467588281302,1.0279199078385366
B2,150,mission_utility,30,31.322256666666664,16.281936680033624,46.362576653299705
B2,150,hard_safety_violation_rate,30,0.9218214074512125,0.9210526315789476,0.9229745712596099
B2,150,safe_useful_retention,30,1.0,1.0,1.0
B2,150,semantic_conflicts_per_mission,30,2.466666666666667,1.8045606451302447,3.128772688203089
B3,150,mission_utility,30,-30.045906666666674,-30.04603908787098,-30.04577424546237
B3,150,hard_safety_violation_rate,30,0.0,0.0,0.0
B3,150,safe_useful_retention,30,0.0,0.0,0.0
B3,150,semantic_conflicts_per_mission,30,0.0,0.0,0.0
B4,150,mission_utility,30,-0.31204,-2.107657342420601,1.4835773424206011
B4,150,hard_safety_violation_rate,30,0.0,0.0,0.0
B4,150,safe_useful_retention,30,0.7600000000000001,0.7000000000000001,0.8000000000000003
B4,150,semantic_conflicts_per_mission,30,0.9333333333333333,0.8387467588281302,1.0279199078385366
B5_nominal,150,mission_utility,30,31.322256666666664,16.281936680033624,46.362576653299705
B5_nominal,150,hard_safety_violation_rate,30,0.9218214074512125,0.9210526315789476,0.9229745712596099
B5_nominal,150,safe_useful_retention,30,1.0,1.0,1.0
B5_nominal,150,semantic_conflicts_per_mission,30,2.466666666666667,1.8045606451302447,3.128772688203089
B1,300,mission_utility,30,42.72172666666668,35.3488356051904,50.094617728142964
B1,300,hard_safety_violation_rate,30,0.7609756097560976,0.6792682926829268,0.8158536585365853
B1,300,safe_useful_retention,30,0.9333333333333333,0.8333333333333334,1.0
B1,300,semantic_conflicts_per_mission,30,0.9333333333333333,0.8387467588281302,1.0279199078385366
B2,300,mission_utility,30,-20.94777,-30.69090130267344,-11.204638697326558
B2,300,hard_safety_violation_rate,30,0.9255056179775283,0.9250000000000003,0.9262640449438204
B2,300,safe_useful_retention,30,1.0,1.0,1.0
B2,300,semantic_conflicts_per_mission,30,6.2,5.916240276484391,6.483759723515609
B3,300,mission_utility,30,-30.045719999999996,-30.0458335038894,-30.04560649611059
B3,300,hard_safety_violation_rate,30,0.0,0.0,0.0
B3,300,safe_useful_retention,30,0.0,0.0,0.0
B3,300,semantic_conflicts_per_mission,30,0.0,0.0,0.0
B4,300,mission_utility,30,-0.31185333333333337,-2.107489593068836,1.4837829264021694
B4,300,hard_safety_violation_rate,30,0.0,0.0,0.0
B4,300,safe_useful_retention,30,0.7600000000000001,0.7000000000000001,0.8000000000000003
B4,300,semantic_conflicts_per_mission,30,0.9333333333333333,0.8387467588281302,1.0279199078385366
B5_nominal,300,mission_utility,30,-20.94777,-30.69090130267344,-11.204638697326558
B5_nominal,300,hard_safety_violation_rate,30,0.9255056179775283,0.9250000000000003,0.9262640449438204
B5_nominal,300,safe_useful_retention,30,1.0,1.0,1.0
B5_nominal,300,semantic_conflicts_per_mission,30,6.2,5.916240276484391,6.483759723515609
B1,500,mission_utility,30,42.72228666666665,35.34933885324566,50.09523448008763
B1,500,hard_safety_violation_rate,30,0.7,0.625,0.75
B1,500,safe_useful_retention,30,0.9333333333333333,0.8333333333333334,1.0
B1,500,semantic_conflicts_per_mission,30,0.9333333333333333,0.8387467588281302,1.0279199078385366
B2,500,mission_utility,30,-79.75145666666667,-83.53526015854301,-75.96765317479033
B2,500,hard_safety_violation_rate,30,0.9296232650363516,0.9294117647058824,0.9299405155320556
B2,500,safe_useful_retention,30,1.0,1.0,1.0
B2,500,semantic_conflicts_per_mission,30,9.0,9.0,9.0
B3,500,mission_utility,30,-30.045533333333335,-30.04562791990784,-30.04543874675883
B3,500,hard_safety_violation_rate,30,0.0,0.0,0.0
B3,500,safe_useful_retention,30,0.0,0.0,0.0
B3,500,semantic_conflicts_per_mission,30,0.0,0.0,0.0
B4,500,mission_utility,30,-0.31166666666666665,-2.10732184371707,1.4839885103837367
B4,500,hard_safety_violation_rate,30,0.0,0.0,0.0
B4,500,safe_useful_retention,30,0.7600000000000001,0.7000000000000001,0.8000000000000003
B4,500,semantic_conflicts_per_mission,30,0.9333333333333333,0.8387467588281302,1.0279199078385366
B5_nominal,500,mission_utility,30,-79.75145666666667,-83.53526015854301,-75.96765317479033
B5_nominal,500,hard_safety_violation_rate,30,0.9296232650363516,0.9294117647058824,0.9299405155320556
B5_nominal,500,safe_useful_retention,30,1.0,1.0,1.0
B5_nominal,500,semantic_conflicts_per_mission,30,9.0,9.0,9.0
B1,750,mission_utility,30,42.72256666666668,35.349590477273345,50.095542856060014
B1,750,hard_safety_violation_rate,30,0.676923076923077,0.6043956043956044,0.7252747252747255
B1,750,safe_useful_retention,30,0.9333333333333333,0.8333333333333334,1.0
B1,750,semantic_conflicts_per_mission,30,0.9333333333333333,0.8387467588281302,1.0279199078385366
B2,750,mission_utility,30,-79.75145666666667,-83.53526015854301,-75.96765317479033
B2,750,hard_safety_violation_rate,30,0.9296232650363516,0.9294117647058824,0.9299405155320556
B2,750,safe_useful_retention,30,1.0,1.0,1.0
B2,750,semantic_conflicts_per_mission,30,9.0,9.0,9.0
B3,750,mission_utility,30,-30.045253333333335,-30.045319543935488,-30.045187122731182
B3,750,hard_safety_violation_rate,30,0.0,0.0,0.0
B3,750,safe_useful_retention,30,0.0,0.0,0.0
B3,750,semantic_conflicts_per_mission,30,0.0,0.0,0.0
B4,750,mission_utility,30,-0.31138666666666664,-2.1070702196894215,1.4842968863560881
B4,750,hard_safety_violation_rate,30,0.0,0.0,0.0
B4,750,safe_useful_retention,30,0.7600000000000001,0.7000000000000001,0.8000000000000003
B4,750,semantic_conflicts_per_mission,30,0.9333333333333333,0.8387467588281302,1.0279199078385366
B5_nominal,750,mission_utility,30,-79.75145666666667,-83.53526015854301,-75.96765317479033
B5_nominal,750,hard_safety_violation_rate,30,0.9296232650363516,0.9294117647058824,0.9299405155320556
B5_nominal,750,safe_useful_retention,30,1.0,1.0,1.0
B5_nominal,750,semantic_conflicts_per_mission,30,9.0,9.0,9.0
B1,1000,mission_utility,30,42.72602000000001,35.352693840281006,50.09934615971902
B1,1000,hard_safety_violation_rate,30,0.6222222222222222,0.5555555555555555,0.6666666666666669
B1,1000,safe_useful_retention,30,0.9333333333333333,0.8333333333333334,1.0
B1,1000,semantic_conflicts_per_mission,30,0.9333333333333333,0.8387467588281302,1.0279199078385366
B2,1000,mission_utility,30,-117.08815000000001,-117.08815000000001,-117.08815000000001
B2,1000,hard_safety_violation_rate,30,0.9325842696629214,0.9325842696629214,0.9325842696629214
B2,1000,safe_useful_retention,30,1.0,1.0,1.0
B2,1000,semantic_conflicts_per_mission,30,9.0,9.0,9.0
B3,1000,mission_utility,30,-30.044879999999992,-30.044908375972344,-30.04485162402764
B3,1000,hard_safety_violation_rate,30,0.0,0.0,0.0
B3,1000,safe_useful_retention,30,0.0,0.0,0.0
B3,1000,semantic_conflicts_per_mission,30,0.0,0.0,0.0
B4,1000,mission_utility,30,-0.3105466666666668,-2.1063153476064764,1.485222014273143
B4,1000,hard_safety_violation_rate,30,0.0,0.0,0.0
B4,1000,safe_useful_retention,30,0.7600000000000001,0.7000000000000001,0.8000000000000003
B4,1000,semantic_conflicts_per_mission,30,0.9333333333333333,0.8387467588281302,1.0279199078385366
B5_nominal,1000,mission_utility,30,-117.08815000000001,-117.08815000000001,-117.08815000000001
B5_nominal,1000,hard_safety_violation_rate,30,0.9325842696629214,0.9325842696629214,0.9325842696629214
B5_nominal,1000,safe_useful_retention,30,1.0,1.0,1.0
B5_nominal,1000,semantic_conflicts_per_mission,30,9.0,9.0,9.0
