source,freshness_state,connectivity_state,action_class,governor_decision,reason_code,proposed_count,allow_count,deny_count,defer_count,allow_rate,deny_rate,defer_rate
all_auv_consequential_coverage,fresh,ALL,ALL_CONSEQUENTIAL,MIXED,MIXED,47228,600,46628,0,0.012704327941051918,0.9872956720589481,0.0
all_auv_consequential_coverage,aging,ALL,ALL_CONSEQUENTIAL,MIXED,MIXED,5612,0,5612,0,0.0,1.0,0.0
all_auv_consequential_coverage,stale,ALL,ALL_CONSEQUENTIAL,MIXED,MIXED,7800,0,7800,0,0.0,1.0,0.0
all_auv_consequential_coverage,hard_expired,ALL,ALL_CONSEQUENTIAL,MIXED,MIXED,2424,0,2424,0,0.0,1.0,0.0
all_auv_by_action,ALL,ALL,enter_exclusion_zone,MIXED,MIXED,36880,0,36880,0,0.0,1.0,0.0
all_auv_by_action,ALL,ALL,exceed_return_energy_reserve,MIXED,MIXED,12760,0,12760,0,0.0,1.0,0.0
all_auv_by_action,ALL,ALL,abandon_mandatory_inspection,MIXED,MIXED,11904,0,11904,0,0.0,1.0,0.0
all_auv_by_action,ALL,ALL,change_high_level_objective,MIXED,MIXED,732,0,732,0,0.0,1.0,0.0
all_auv_by_action,ALL,ALL,reassign_another_auv,MIXED,MIXED,788,600,188,0,0.7614213197969543,0.23857868020304568,0.0
denied_consequential_log_capped200,aging,PARTITIONED,abandon_mandatory_inspection,DENY,DENY_FORBIDDEN_STATIC_OR_RECOVERING,128,0,128,0,0.0,1.0,0.0
denied_consequential_log_capped200,aging,PARTITIONED,change_high_level_objective,DENY,DENY_FORBIDDEN_STATIC_OR_RECOVERING,124,0,124,0,0.0,1.0,0.0
denied_consequential_log_capped200,aging,PARTITIONED,enter_exclusion_zone,DENY,DENY_FORBIDDEN_STATIC_OR_RECOVERING,3988,0,3988,0,0.0,1.0,0.0
denied_consequential_log_capped200,aging,PARTITIONED,exceed_return_energy_reserve,DENY,DENY_FORBIDDEN_STATIC_OR_RECOVERING,1304,0,1304,0,0.0,1.0,0.0
denied_consequential_log_capped200,aging,PARTITIONED,reassign_another_auv,DENY,DENY_FORBIDDEN,48,0,48,0,0.0,1.0,0.0
denied_consequential_log_capped200,aging,RECOVERING,abandon_mandatory_inspection,DENY,DENY_FORBIDDEN_STATIC_OR_RECOVERING,4,0,4,0,0.0,1.0,0.0
denied_consequential_log_capped200,aging,RECOVERING,enter_exclusion_zone,DENY,DENY_FORBIDDEN_STATIC_OR_RECOVERING,12,0,12,0,0.0,1.0,0.0
denied_consequential_log_capped200,aging,RECOVERING,exceed_return_energy_reserve,DENY,DENY_FORBIDDEN_STATIC_OR_RECOVERING,4,0,4,0,0.0,1.0,0.0
denied_consequential_log_capped200,fresh,DEGRADED,abandon_mandatory_inspection,DENY,DENY_FORBIDDEN_STATIC_OR_RECOVERING,2656,0,2656,0,0.0,1.0,0.0
denied_consequential_log_capped200,fresh,DEGRADED,enter_exclusion_zone,DENY,DENY_FORBIDDEN_STATIC_OR_RECOVERING,10593,0,10593,0,0.0,1.0,0.0
denied_consequential_log_capped200,fresh,DEGRADED,exceed_return_energy_reserve,DENY,DENY_FORBIDDEN_STATIC_OR_RECOVERING,3566,0,3566,0,0.0,1.0,0.0
denied_consequential_log_capped200,fresh,PARTITIONED,abandon_mandatory_inspection,DENY,DENY_FORBIDDEN_STATIC_OR_RECOVERING,3116,0,3116,0,0.0,1.0,0.0
denied_consequential_log_capped200,fresh,PARTITIONED,change_high_level_objective,DENY,DENY_FORBIDDEN_STATIC_OR_RECOVERING,140,0,140,0,0.0,1.0,0.0
denied_consequential_log_capped200,fresh,PARTITIONED,enter_exclusion_zone,DENY,DENY_FORBIDDEN_STATIC_OR_RECOVERING,2832,0,2832,0,0.0,1.0,0.0
denied_consequential_log_capped200,fresh,PARTITIONED,exceed_return_energy_reserve,DENY,DENY_FORBIDDEN_STATIC_OR_RECOVERING,1088,0,1088,0,0.0,1.0,0.0
denied_consequential_log_capped200,fresh,PARTITIONED,reassign_another_auv,DENY,DENY_CONDITIONAL_UNMET,140,0,140,0,0.0,1.0,0.0
denied_consequential_log_capped200,fresh,RECOVERING,abandon_mandatory_inspection,DENY,DENY_FORBIDDEN_STATIC_OR_RECOVERING,228,0,228,0,0.0,1.0,0.0
denied_consequential_log_capped200,fresh,RECOVERING,enter_exclusion_zone,DENY,DENY_FORBIDDEN_STATIC_OR_RECOVERING,719,0,719,0,0.0,1.0,0.0
denied_consequential_log_capped200,fresh,RECOVERING,exceed_return_energy_reserve,DENY,DENY_FORBIDDEN_STATIC_OR_RECOVERING,242,0,242,0,0.0,1.0,0.0
denied_consequential_log_capped200,stale,PARTITIONED,abandon_mandatory_inspection,DENY,DENY_FORBIDDEN_STATIC_OR_RECOVERING,610,0,610,0,0.0,1.0,0.0
denied_consequential_log_capped200,stale,PARTITIONED,change_high_level_objective,DENY,DENY_FORBIDDEN_STATIC_OR_RECOVERING,174,0,174,0,0.0,1.0,0.0
denied_consequential_log_capped200,stale,PARTITIONED,enter_exclusion_zone,DENY,DENY_FORBIDDEN_STATIC_OR_RECOVERING,3116,0,3116,0,0.0,1.0,0.0
denied_consequential_log_capped200,stale,PARTITIONED,exceed_return_energy_reserve,DENY,DENY_FORBIDDEN_STATIC_OR_RECOVERING,1094,0,1094,0,0.0,1.0,0.0
denied_consequential_log_capped200,stale,RECOVERING,abandon_mandatory_inspection,DENY,DENY_FORBIDDEN_STATIC_OR_RECOVERING,14,0,14,0,0.0,1.0,0.0
denied_consequential_log_capped200,stale,RECOVERING,change_high_level_objective,DENY,DENY_FORBIDDEN_STATIC_OR_RECOVERING,2,0,2,0,0.0,1.0,0.0
denied_consequential_log_capped200,stale,RECOVERING,enter_exclusion_zone,DENY,DENY_FORBIDDEN_STATIC_OR_RECOVERING,44,0,44,0,0.0,1.0,0.0
denied_consequential_log_capped200,stale,RECOVERING,exceed_return_energy_reserve,DENY,DENY_FORBIDDEN_STATIC_OR_RECOVERING,14,0,14,0,0.0,1.0,0.0
timeline_auv_08_only,aging,PARTITIONED,exceed_return_energy_reserve,DENY,DENY_FORBIDDEN,1304,0,1304,0,0.0,1.0,0.0
timeline_auv_08_only,aging,RECOVERING,exceed_return_energy_reserve,DENY,DENY_RECOVERING_HARD_SAFETY,4,0,4,0,0.0,1.0,0.0
timeline_auv_08_only,fresh,DEGRADED,exceed_return_energy_reserve,DENY,DENY_FORBIDDEN,7560,0,7560,0,0.0,1.0,0.0
timeline_auv_08_only,fresh,PARTITIONED,exceed_return_energy_reserve,DENY,DENY_FORBIDDEN,1088,0,1088,0,0.0,1.0,0.0
timeline_auv_08_only,fresh,RECOVERING,exceed_return_energy_reserve,DENY,DENY_RECOVERING_HARD_SAFETY,392,0,392,0,0.0,1.0,0.0
timeline_auv_08_only,hard_expired,PARTITIONED,exceed_return_energy_reserve,DENY,DENY_HARD_EXPIRY,484,0,484,0,0.0,1.0,0.0
timeline_auv_08_only,hard_expired,RECOVERING,exceed_return_energy_reserve,DENY,DENY_RECOVERING_HARD_SAFETY,12,0,12,0,0.0,1.0,0.0
timeline_auv_08_only,stale,PARTITIONED,exceed_return_energy_reserve,DENY,DENY_FORBIDDEN,1742,0,1742,0,0.0,1.0,0.0
timeline_auv_08_only,stale,RECOVERING,exceed_return_energy_reserve,DENY,DENY_RECOVERING_HARD_SAFETY,14,0,14,0,0.0,1.0,0.0
