pair,outage,n,mission_utility_mean,mission_utility_ci95_lo,mission_utility_ci95_hi,hard_safety_violation_rate_mean,hard_safety_violation_rate_ci95_lo,hard_safety_violation_rate_ci95_hi,safe_useful_retention_mean,safe_useful_retention_ci95_lo,safe_useful_retention_ci95_hi,semantic_conflicts_per_mission_mean,semantic_conflicts_per_mission_ci95_lo,semantic_conflicts_per_mission_ci95_hi,governance_tx_bytes_mean,governance_tx_bytes_ci95_lo,governance_tx_bytes_ci95_hi,mission_tx_bytes_mean,mission_tx_bytes_ci95_lo,mission_tx_bytes_ci95_hi,total_tx_bytes_mean,total_tx_bytes_ci95_lo,total_tx_bytes_ci95_hi,gco_mean,gco_ci95_lo,gco_ci95_hi,auv_reauth_fraction_mean,auv_reauth_fraction_ci95_lo,auv_reauth_fraction_ci95_hi,auv_timeout_fraction_mean,auv_timeout_fraction_ci95_lo,auv_timeout_fraction_ci95_hi
B4-B5_nominal,0,30,-54.961889999999975,-70.57067529940929,-39.35310470059066,-0.982172284644195,-0.9871976708659,-0.97714689842249,-0.05333333333333334,-0.12900259293749586,0.02233592627082919,-1.5333333333333334,-2.2900259293749587,-0.776640737291708,0.0,0.0,0.0,6074.666666666667,4778.677333333334,7370.656,6074.666666666667,4778.677333333334,7370.656,-0.05156670016143257,-0.06064890908711629,-0.04248449123574885,nan,nan,nan,nan,nan,nan
B4-B5_nominal,150,30,-31.63429666666668,-44.87899931087911,-18.389594022454244,-0.9218214074512125,-0.9229121455960094,-0.9207306693064157,-0.24000000000000002,-0.29675194470312194,-0.1832480552968781,-1.5333333333333334,-2.2900259293749587,-0.776640737291708,0.0,0.0,0.0,6074.666666666667,4778.677333333334,7370.656,6074.666666666667,4778.677333333334,7370.656,-0.04640143806975042,-0.054577356986588436,-0.0382255191529124,0.0,0.0,0.0,0.0,0.0,0.0
B4-B5_nominal,300,30,20.63591666666667,12.688421623728733,28.583411709604608,-0.9255056179775283,-0.9262229880650678,-0.9247882478899888,-0.24000000000000002,-0.29675194470312194,-0.1832480552968781,-5.266666666666667,-5.64501296468748,-4.888320368645854,0.0,0.0,0.0,6074.666666666667,4778.677333333334,7370.656,6074.666666666667,4778.677333333334,7370.656,-0.043778758891084985,-0.05143869080176282,-0.03611882698040715,0.0,0.0,0.0,0.0,0.0,0.0
B4-B5_nominal,500,30,79.43979000000003,77.45164168517408,81.42793831482598,-0.9296232650363516,-0.9299233414128387,-0.9293231886598645,-0.24000000000000002,-0.29675194470312194,-0.1832480552968781,-8.066666666666666,-8.16125324117187,-7.972080092161463,0.0,0.0,0.0,6074.666666666667,4778.677333333334,7370.656,6074.666666666667,4778.677333333334,7370.656,-0.04164828695993346,-0.04874539440220908,-0.034551179517657835,0.0,0.0,0.0,0.0,0.0,0.0
B4-B5_nominal,750,30,79.44006999999996,77.45195006114638,81.42818993885355,-0.9296232650363516,-0.9299233414128387,-0.9293231886598645,-0.24000000000000002,-0.29675194470312194,-0.1832480552968781,-8.066666666666666,-8.16125324117187,-7.972080092161463,0.0,0.0,0.0,6074.666666666667,4778.677333333334,7370.656,6074.666666666667,4778.677333333334,7370.656,-0.03764231301604821,-0.04409963815402632,-0.031184987878070093,0.0,0.0,0.0,0.0,0.0,0.0
B4-B5_nominal,1000,30,116.77760333333329,114.98183465239347,118.5733720142731,-0.9325842696629214,-0.9325842696629214,-0.9325842696629214,-0.24000000000000002,-0.29675194470312194,-0.1832480552968781,-8.066666666666666,-8.16125324117187,-7.972080092161463,0.0,0.0,0.0,6074.666666666667,4778.677333333334,7370.656,6074.666666666667,4778.677333333334,7370.656,-0.03421972191183515,-0.03992744979755772,-0.02851199402611258,0.0,0.0,0.0,0.0,0.0,0.0
B4-B3,0,30,12.000953333333333,11.99960074531791,12.002305921348757,0.0,0.0,0.0,0.9466666666666667,0.8709974070625042,1.0223359262708291,0.0,0.0,0.0,0.0,0.0,0.0,0.0,0.0,0.0,0.0,0.0,0.0,0.0,0.0,0.0,nan,nan,nan,nan,nan,nan
B4-B3,150,30,29.733866666666664,27.938116903041756,31.529616430291572,0.0,0.0,0.0,0.7600000000000002,0.7032480552968783,0.8167519447031222,0.9333333333333333,0.8387467588281302,1.0279199078385366,0.0,0.0,0.0,0.0,0.0,0.0,0.0,0.0,0.0,0.0,0.0,0.0,0.0,0.0,0.0,0.0,0.0,0.0
B4-B3,300,30,29.733866666666664,27.938116903041756,31.529616430291572,0.0,0.0,0.0,0.7600000000000002,0.7032480552968783,0.8167519447031222,0.9333333333333333,0.8387467588281302,1.0279199078385366,0.0,0.0,0.0,0.0,0.0,0.0,0.0,0.0,0.0,0.0,0.0,0.0,0.0,0.0,0.0,0.0,0.0,0.0
B4-B3,500,30,29.733866666666664,27.938116903041756,31.529616430291572,0.0,0.0,0.0,0.7600000000000002,0.7032480552968783,0.8167519447031222,0.9333333333333333,0.8387467588281302,1.0279199078385366,0.0,0.0,0.0,0.0,0.0,0.0,0.0,0.0,0.0,0.0,0.0,0.0,0.0,0.0,0.0,0.0,0.0,0.0
B4-B3,750,30,29.733866666666664,27.938116903041756,31.529616430291572,0.0,0.0,0.0,0.7600000000000002,0.7032480552968783,0.8167519447031222,0.9333333333333333,0.8387467588281302,1.0279199078385366,0.0,0.0,0.0,0.0,0.0,0.0,0.0,0.0,0.0,0.0,0.0,0.0,0.0,0.0,0.0,0.0,0.0,0.0
B4-B3,1000,30,29.73433333333333,27.938536276421168,31.53013039024549,0.0,0.0,0.0,0.7600000000000002,0.7032480552968783,0.8167519447031222,0.9333333333333333,0.8387467588281302,1.0279199078385366,0.0,0.0,0.0,0.0,0.0,0.0,0.0,0.0,0.0,0.0,0.0,0.0,0.0,0.0,0.0,0.0,0.0,0.0
