environment_id,outage,baseline,n,mission_utility,hard_safety_violation_rate,safe_useful_retention
paper_ssp_200m_moderate_v1,0,B3,10,-30.0462,0.0,0.0
paper_ssp_200m_moderate_v1,0,B4,10,-18.0462,0.0,1.0
paper_ssp_200m_moderate_v1,0,B5_nominal,10,47.9171,0.9857142857142858,1.0
paper_ssp_200m_moderate_v1,150,B3,10,-30.046,0.0,0.0
paper_ssp_200m_moderate_v1,150,B4,10,0.9535500000000001,0.0,0.8
paper_ssp_200m_moderate_v1,150,B5_nominal,10,41.923,0.9210526315789472,1.0
paper_ssp_200m_moderate_v1,300,B3,10,-30.045799999999996,0.0,0.0
paper_ssp_200m_moderate_v1,300,B4,10,0.95375,0.0,0.8
paper_ssp_200m_moderate_v1,300,B5_nominal,10,-14.0806,0.9250000000000002,1.0
paper_ssp_200m_moderate_v1,500,B3,10,-30.045599999999997,0.0,0.0
paper_ssp_200m_moderate_v1,500,B4,10,0.9539500000000001,0.0,0.8
paper_ssp_200m_moderate_v1,500,B5_nominal,10,-77.08455000000001,0.9294117647058824,1.0
paper_ssp_200m_moderate_v1,750,B3,10,-30.045300000000005,0.0,0.0
paper_ssp_200m_moderate_v1,750,B4,10,0.95425,0.0,0.8
paper_ssp_200m_moderate_v1,750,B5_nominal,10,-77.08455000000001,0.9294117647058824,1.0
paper_ssp_200m_moderate_v1,1000,B3,10,-30.044899999999995,0.0,0.0
paper_ssp_200m_moderate_v1,1000,B4,10,0.9551499999999999,0.0,0.8
paper_ssp_200m_moderate_v1,1000,B5_nominal,10,-117.08815,0.9325842696629213,1.0
paper_ssp_200m_strong_v1,0,B3,10,-30.04588,0.0,0.0
paper_ssp_200m_strong_v1,0,B4,10,-18.043020000000002,0.0,0.8400000000000001
paper_ssp_200m_strong_v1,0,B5_nominal,10,14.916049999999998,0.9750882825040129,1.0
paper_ssp_200m_strong_v1,150,B3,10,-30.04572,0.0,0.0
paper_ssp_200m_strong_v1,150,B4,10,-2.84322,0.0,0.68
paper_ssp_200m_strong_v1,150,B5_nominal,10,10.120770000000004,0.9233589591957421,1.0
paper_ssp_200m_strong_v1,300,B3,10,-30.045560000000002,0.0,0.0
paper_ssp_200m_strong_v1,300,B4,10,-2.8430600000000004,0.0,0.68
paper_ssp_200m_strong_v1,300,B5_nominal,10,-34.68211,0.9265168539325843,1.0
paper_ssp_200m_strong_v1,500,B3,10,-30.045399999999994,0.0,0.0
paper_ssp_200m_strong_v1,500,B4,10,-2.8429,0.0,0.68
paper_ssp_200m_strong_v1,500,B5_nominal,10,-85.08527000000001,0.9300462656972902,1.0
paper_ssp_200m_strong_v1,750,B3,10,-30.04516,0.0,0.0
paper_ssp_200m_strong_v1,750,B4,10,-2.84266,0.0,0.68
paper_ssp_200m_strong_v1,750,B5_nominal,10,-85.08527000000001,0.9300462656972902,1.0
paper_ssp_200m_strong_v1,1000,B3,10,-30.04484,0.0,0.0
paper_ssp_200m_strong_v1,1000,B4,10,-2.84194,0.0,0.68
paper_ssp_200m_strong_v1,1000,B5_nominal,10,-117.08815,0.9325842696629213,1.0
paper_ssp_200m_v1,0,B3,10,-30.0462,0.0,0.0
paper_ssp_200m_v1,0,B4,10,-18.0462,0.0,1.0
paper_ssp_200m_v1,0,B5_nominal,10,47.9171,0.9857142857142858,1.0
paper_ssp_200m_v1,150,B3,10,-30.046,0.0,0.0
paper_ssp_200m_v1,150,B4,10,0.9535500000000001,0.0,0.8
paper_ssp_200m_v1,150,B5_nominal,10,41.923,0.9210526315789472,1.0
paper_ssp_200m_v1,300,B3,10,-30.045799999999996,0.0,0.0
paper_ssp_200m_v1,300,B4,10,0.95375,0.0,0.8
paper_ssp_200m_v1,300,B5_nominal,10,-14.0806,0.9250000000000002,1.0
paper_ssp_200m_v1,500,B3,10,-30.045599999999997,0.0,0.0
paper_ssp_200m_v1,500,B4,10,0.9539500000000001,0.0,0.8
paper_ssp_200m_v1,500,B5_nominal,10,-77.08455000000001,0.9294117647058824,1.0
paper_ssp_200m_v1,750,B3,10,-30.045300000000005,0.0,0.0
paper_ssp_200m_v1,750,B4,10,0.95425,0.0,0.8
paper_ssp_200m_v1,750,B5_nominal,10,-77.08455000000001,0.9294117647058824,1.0
paper_ssp_200m_v1,1000,B3,10,-30.044899999999995,0.0,0.0
paper_ssp_200m_v1,1000,B4,10,0.9551499999999999,0.0,0.8
paper_ssp_200m_v1,1000,B5_nominal,10,-117.08815,0.9325842696629213,1.0
