run_id,environment_id,seed,trace_id,context_mode,age_id,baseline,ablation_variant,authority_epoch_s,challenge_time_s,authority_age_s,expected_freshness_band,actual_freshness_band,proposer_id,target_auv,segment_id,capsule_id,local_target_failed,local_segment_mandatory,local_segment_incomplete,local_segment_owner,local_snapshot_time,local_snapshot_age,local_snapshot_version,global_target_failed,global_segment_mandatory,global_segment_incomplete,global_segment_owner,global_state_changed,global_change_time,conditional_ok_local,decision,reason_code,connectivity_state,freshness_mode,mission_beneficial,violates_frozen_risk,oracle_reason,executed,controlled_reassignment_allowed,controlled_safe_useful_execution,obsolete_reassignment_execution,controlled_false_denial,ownership_override_of_available_target,useful_reassignment_delta,duplicate_work_delta,contradictory_reassignment_delta,missed_mandatory_delta,utility_before,utility_after,mission_utility,hard_safety_violation_rate,hard_safety_violation_count,safe_useful_retention,semantic_conflicts_per_mission,contradictory_reassignment,useful_reassignment_count,duplicate_work_count,missed_mandatory,energy_propulsion_j,energy_communication_j,energy_compute_j,anomalies_resolved,exclusion_violations,reserve_violations,completed_mandatory,utility_breakdown,policy_version,utility_freeze_id,safe_useful_retention_freeze_id,git_commit,e2_n_controlled_proposals
paper_ssp_200m_v1|0|target_recovers_age60|fresh_120|B4,paper_ssp_200m_v1,0,tr_54fb653caded_gpu,target_recovers_age60,fresh_120,B4,,180.0,300.0,120.0,fresh,fresh,auv_06,auv_05,seg_05,cap_a5b086bc16d8b4ad,True,True,True,auv_05,180.0,120.0,1,False,True,True,auv_05,True,240.0,True,ALLOW,ALLOW_AUTHORIZED,PARTITIONED,continuous,False,False,reassign_not_recovery,1,1,0,1,0,1,0,0,1,0,-55.01165,-55.01165,-55.03705,0.0,0,0.0,0,0,0,0,7,6675.0,111.488,735.0,0,0,0,5,"{""freeze_id"": ""utility_v2_frozen_2026-09-28"", ""completed_mandatory"": 5, ""anomalies_resolved"": 0, ""useful_reassignments"": 0, ""missed_mandatory"": 7, ""exclusion_violations"": 0, ""reserve_violations"": 0, ""duplicate_work"": 0, ""total_energy_j"": 7410.0, ""unresolved_conflicts"": 0, ""terms"": {""completed_mandatory"": 50.0, ""anomaly_resolved"": 0.0, ""useful_reassignment"": 0.0, ""missed_mandatory"": -105.0, ""exclusion_violation"": -0.0, ""reserve_violation"": -0.0, ""duplicate_work"": -0.0, ""energy"": -0.03705, ""unresolved_conflict"": -0.0}, ""utility"": -55.03705}",paper_risk_bounded_v1_2026-09-28,utility_v2_frozen_2026-09-28,safe_useful_retention_v1_2026-09-28,b020b05fd30ba074657a54f681c4b19a3085cdb2,1
paper_ssp_200m_v1|0|target_recovers_age60|fresh_120|B4-NoFreshness,paper_ssp_200m_v1,0,tr_54fb653caded_gpu,target_recovers_age60,fresh_120,B4-NoFreshness,b4_no_freshness_v1,180.0,300.0,120.0,fresh,fresh,auv_06,auv_05,seg_05,cap_e5de71b3a6cee6c9,True,True,True,auv_05,180.0,120.0,1,False,True,True,auv_05,True,240.0,True,ALLOW,ALLOW_AUTHORIZED,PARTITIONED,disabled,False,False,reassign_not_recovery,1,1,0,1,0,1,0,0,1,0,-55.01165,-55.01165,-55.03765,0.0,0,0.0,0,0,0,0,7,6795.0,111.488,735.0,0,0,0,5,"{""freeze_id"": ""utility_v2_frozen_2026-09-28"", ""completed_mandatory"": 5, ""anomalies_resolved"": 0, ""useful_reassignments"": 0, ""missed_mandatory"": 7, ""exclusion_violations"": 0, ""reserve_violations"": 0, ""duplicate_work"": 0, ""total_energy_j"": 7530.0, ""unresolved_conflicts"": 0, ""terms"": {""completed_mandatory"": 50.0, ""anomaly_resolved"": 0.0, ""useful_reassignment"": 0.0, ""missed_mandatory"": -105.0, ""exclusion_violation"": -0.0, ""reserve_violation"": -0.0, ""duplicate_work"": -0.0, ""energy"": -0.03765, ""unresolved_conflict"": -0.0}, ""utility"": -55.03765}",paper_risk_bounded_v1_2026-09-28,utility_v2_frozen_2026-09-28,safe_useful_retention_v1_2026-09-28,b020b05fd30ba074657a54f681c4b19a3085cdb2,1
paper_ssp_200m_v1|1|target_recovers_age60|fresh_120|B4,paper_ssp_200m_v1,1,tr_3bf719402f6c_gpu,target_recovers_age60,fresh_120,B4,,180.0,300.0,120.0,fresh,fresh,auv_06,auv_05,seg_05,cap_c67edbaa4ad473cd,True,True,True,auv_05,180.0,120.0,1,False,True,True,auv_05,True,240.0,True,ALLOW,ALLOW_AUTHORIZED,PARTITIONED,continuous,False,False,reassign_not_recovery,1,1,0,1,0,1,0,0,1,0,-55.01165,-55.01165,-55.03705,0.0,0,0.0,0,0,0,0,7,6675.0,108.416,735.0,0,0,0,5,"{""freeze_id"": ""utility_v2_frozen_2026-09-28"", ""completed_mandatory"": 5, ""anomalies_resolved"": 0, ""useful_reassignments"": 0, ""missed_mandatory"": 7, ""exclusion_violations"": 0, ""reserve_violations"": 0, ""duplicate_work"": 0, ""total_energy_j"": 7410.0, ""unresolved_conflicts"": 0, ""terms"": {""completed_mandatory"": 50.0, ""anomaly_resolved"": 0.0, ""useful_reassignment"": 0.0, ""missed_mandatory"": -105.0, ""exclusion_violation"": -0.0, ""reserve_violation"": -0.0, ""duplicate_work"": -0.0, ""energy"": -0.03705, ""unresolved_conflict"": -0.0}, ""utility"": -55.03705}",paper_risk_bounded_v1_2026-09-28,utility_v2_frozen_2026-09-28,safe_useful_retention_v1_2026-09-28,b020b05fd30ba074657a54f681c4b19a3085cdb2,1
paper_ssp_200m_v1|1|target_recovers_age60|fresh_120|B4-NoFreshness,paper_ssp_200m_v1,1,tr_3bf719402f6c_gpu,target_recovers_age60,fresh_120,B4-NoFreshness,b4_no_freshness_v1,180.0,300.0,120.0,fresh,fresh,auv_06,auv_05,seg_05,cap_0d281fbfa3895077,True,True,True,auv_05,180.0,120.0,1,False,True,True,auv_05,True,240.0,True,ALLOW,ALLOW_AUTHORIZED,PARTITIONED,disabled,False,False,reassign_not_recovery,1,1,0,1,0,1,0,0,1,0,-55.01165,-55.01165,-55.03765,0.0,0,0.0,0,0,0,0,7,6795.0,108.416,735.0,0,0,0,5,"{""freeze_id"": ""utility_v2_frozen_2026-09-28"", ""completed_mandatory"": 5, ""anomalies_resolved"": 0, ""useful_reassignments"": 0, ""missed_mandatory"": 7, ""exclusion_violations"": 0, ""reserve_violations"": 0, ""duplicate_work"": 0, ""total_energy_j"": 7530.0, ""unresolved_conflicts"": 0, ""terms"": {""completed_mandatory"": 50.0, ""anomaly_resolved"": 0.0, ""useful_reassignment"": 0.0, ""missed_mandatory"": -105.0, ""exclusion_violation"": -0.0, ""reserve_violation"": -0.0, ""duplicate_work"": -0.0, ""energy"": -0.03765, ""unresolved_conflict"": -0.0}, ""utility"": -55.03765}",paper_risk_bounded_v1_2026-09-28,utility_v2_frozen_2026-09-28,safe_useful_retention_v1_2026-09-28,b020b05fd30ba074657a54f681c4b19a3085cdb2,1
paper_ssp_200m_v1|2|target_recovers_age60|fresh_120|B4,paper_ssp_200m_v1,2,tr_0ab8a47a1225_gpu,target_recovers_age60,fresh_120,B4,,180.0,300.0,120.0,fresh,fresh,auv_06,auv_05,seg_05,cap_864614ccf1ecd6a9,True,True,True,auv_05,180.0,120.0,1,False,True,True,auv_05,True,240.0,True,ALLOW,ALLOW_AUTHORIZED,PARTITIONED,continuous,False,False,reassign_not_recovery,1,1,0,1,0,1,0,0,1,0,-55.01165,-55.01165,-55.03705,0.0,0,0.0,0,0,0,0,7,6675.0,112.512,735.0,0,0,0,5,"{""freeze_id"": ""utility_v2_frozen_2026-09-28"", ""completed_mandatory"": 5, ""anomalies_resolved"": 0, ""useful_reassignments"": 0, ""missed_mandatory"": 7, ""exclusion_violations"": 0, ""reserve_violations"": 0, ""duplicate_work"": 0, ""total_energy_j"": 7410.0, ""unresolved_conflicts"": 0, ""terms"": {""completed_mandatory"": 50.0, ""anomaly_resolved"": 0.0, ""useful_reassignment"": 0.0, ""missed_mandatory"": -105.0, ""exclusion_violation"": -0.0, ""reserve_violation"": -0.0, ""duplicate_work"": -0.0, ""energy"": -0.03705, ""unresolved_conflict"": -0.0}, ""utility"": -55.03705}",paper_risk_bounded_v1_2026-09-28,utility_v2_frozen_2026-09-28,safe_useful_retention_v1_2026-09-28,b020b05fd30ba074657a54f681c4b19a3085cdb2,1
paper_ssp_200m_v1|2|target_recovers_age60|fresh_120|B4-NoFreshness,paper_ssp_200m_v1,2,tr_0ab8a47a1225_gpu,target_recovers_age60,fresh_120,B4-NoFreshness,b4_no_freshness_v1,180.0,300.0,120.0,fresh,fresh,auv_06,auv_05,seg_05,cap_414203d8915839f6,True,True,True,auv_05,180.0,120.0,1,False,True,True,auv_05,True,240.0,True,ALLOW,ALLOW_AUTHORIZED,PARTITIONED,disabled,False,False,reassign_not_recovery,1,1,0,1,0,1,0,0,1,0,-55.01165,-55.01165,-55.03765,0.0,0,0.0,0,0,0,0,7,6795.0,112.512,735.0,0,0,0,5,"{""freeze_id"": ""utility_v2_frozen_2026-09-28"", ""completed_mandatory"": 5, ""anomalies_resolved"": 0, ""useful_reassignments"": 0, ""missed_mandatory"": 7, ""exclusion_violations"": 0, ""reserve_violations"": 0, ""duplicate_work"": 0, ""total_energy_j"": 7530.0, ""unresolved_conflicts"": 0, ""terms"": {""completed_mandatory"": 50.0, ""anomaly_resolved"": 0.0, ""useful_reassignment"": 0.0, ""missed_mandatory"": -105.0, ""exclusion_violation"": -0.0, ""reserve_violation"": -0.0, ""duplicate_work"": -0.0, ""energy"": -0.03765, ""unresolved_conflict"": -0.0}, ""utility"": -55.03765}",paper_risk_bounded_v1_2026-09-28,utility_v2_frozen_2026-09-28,safe_useful_retention_v1_2026-09-28,b020b05fd30ba074657a54f681c4b19a3085cdb2,1
paper_ssp_200m_v1|3|target_recovers_age60|fresh_120|B4,paper_ssp_200m_v1,3,tr_f9f4d2c6f6d1_gpu,target_recovers_age60,fresh_120,B4,,180.0,300.0,120.0,fresh,fresh,auv_06,auv_05,seg_05,cap_e4842555e22ca39d,True,True,True,auv_05,180.0,120.0,1,False,True,True,auv_05,True,240.0,True,ALLOW,ALLOW_AUTHORIZED,PARTITIONED,continuous,False,False,reassign_not_recovery,1,1,0,1,0,1,0,0,1,0,-55.01165,-55.01165,-55.03705,0.0,0,0.0,0,0,0,0,7,6675.0,105.52,735.0,0,0,0,5,"{""freeze_id"": ""utility_v2_frozen_2026-09-28"", ""completed_mandatory"": 5, ""anomalies_resolved"": 0, ""useful_reassignments"": 0, ""missed_mandatory"": 7, ""exclusion_violations"": 0, ""reserve_violations"": 0, ""duplicate_work"": 0, ""total_energy_j"": 7410.0, ""unresolved_conflicts"": 0, ""terms"": {""completed_mandatory"": 50.0, ""anomaly_resolved"": 0.0, ""useful_reassignment"": 0.0, ""missed_mandatory"": -105.0, ""exclusion_violation"": -0.0, ""reserve_violation"": -0.0, ""duplicate_work"": -0.0, ""energy"": -0.03705, ""unresolved_conflict"": -0.0}, ""utility"": -55.03705}",paper_risk_bounded_v1_2026-09-28,utility_v2_frozen_2026-09-28,safe_useful_retention_v1_2026-09-28,b020b05fd30ba074657a54f681c4b19a3085cdb2,1
paper_ssp_200m_v1|3|target_recovers_age60|fresh_120|B4-NoFreshness,paper_ssp_200m_v1,3,tr_f9f4d2c6f6d1_gpu,target_recovers_age60,fresh_120,B4-NoFreshness,b4_no_freshness_v1,180.0,300.0,120.0,fresh,fresh,auv_06,auv_05,seg_05,cap_0b16f11ff8836656,True,True,True,auv_05,180.0,120.0,1,False,True,True,auv_05,True,240.0,True,ALLOW,ALLOW_AUTHORIZED,PARTITIONED,disabled,False,False,reassign_not_recovery,1,1,0,1,0,1,0,0,1,0,-55.01165,-55.01165,-55.03765,0.0,0,0.0,0,0,0,0,7,6795.0,105.52,735.0,0,0,0,5,"{""freeze_id"": ""utility_v2_frozen_2026-09-28"", ""completed_mandatory"": 5, ""anomalies_resolved"": 0, ""useful_reassignments"": 0, ""missed_mandatory"": 7, ""exclusion_violations"": 0, ""reserve_violations"": 0, ""duplicate_work"": 0, ""total_energy_j"": 7530.0, ""unresolved_conflicts"": 0, ""terms"": {""completed_mandatory"": 50.0, ""anomaly_resolved"": 0.0, ""useful_reassignment"": 0.0, ""missed_mandatory"": -105.0, ""exclusion_violation"": -0.0, ""reserve_violation"": -0.0, ""duplicate_work"": -0.0, ""energy"": -0.03765, ""unresolved_conflict"": -0.0}, ""utility"": -55.03765}",paper_risk_bounded_v1_2026-09-28,utility_v2_frozen_2026-09-28,safe_useful_retention_v1_2026-09-28,b020b05fd30ba074657a54f681c4b19a3085cdb2,1
paper_ssp_200m_v1|4|target_recovers_age60|fresh_120|B4,paper_ssp_200m_v1,4,tr_5bf96997e3af_gpu,target_recovers_age60,fresh_120,B4,,180.0,300.0,120.0,fresh,fresh,auv_06,auv_05,seg_05,cap_3165d59c899434fc,True,True,True,auv_05,180.0,120.0,1,False,True,True,auv_05,True,240.0,True,ALLOW,ALLOW_AUTHORIZED,PARTITIONED,continuous,False,False,reassign_not_recovery,1,1,0,1,0,1,0,0,1,0,-55.01165,-55.01165,-55.03705,0.0,0,0.0,0,0,0,0,7,6675.0,109.312,735.0,0,0,0,5,"{""freeze_id"": ""utility_v2_frozen_2026-09-28"", ""completed_mandatory"": 5, ""anomalies_resolved"": 0, ""useful_reassignments"": 0, ""missed_mandatory"": 7, ""exclusion_violations"": 0, ""reserve_violations"": 0, ""duplicate_work"": 0, ""total_energy_j"": 7410.0, ""unresolved_conflicts"": 0, ""terms"": {""completed_mandatory"": 50.0, ""anomaly_resolved"": 0.0, ""useful_reassignment"": 0.0, ""missed_mandatory"": -105.0, ""exclusion_violation"": -0.0, ""reserve_violation"": -0.0, ""duplicate_work"": -0.0, ""energy"": -0.03705, ""unresolved_conflict"": -0.0}, ""utility"": -55.03705}",paper_risk_bounded_v1_2026-09-28,utility_v2_frozen_2026-09-28,safe_useful_retention_v1_2026-09-28,b020b05fd30ba074657a54f681c4b19a3085cdb2,1
paper_ssp_200m_v1|4|target_recovers_age60|fresh_120|B4-NoFreshness,paper_ssp_200m_v1,4,tr_5bf96997e3af_gpu,target_recovers_age60,fresh_120,B4-NoFreshness,b4_no_freshness_v1,180.0,300.0,120.0,fresh,fresh,auv_06,auv_05,seg_05,cap_00894e646e4a92ec,True,True,True,auv_05,180.0,120.0,1,False,True,True,auv_05,True,240.0,True,ALLOW,ALLOW_AUTHORIZED,PARTITIONED,disabled,False,False,reassign_not_recovery,1,1,0,1,0,1,0,0,1,0,-55.01165,-55.01165,-55.03765,0.0,0,0.0,0,0,0,0,7,6795.0,109.312,735.0,0,0,0,5,"{""freeze_id"": ""utility_v2_frozen_2026-09-28"", ""completed_mandatory"": 5, ""anomalies_resolved"": 0, ""useful_reassignments"": 0, ""missed_mandatory"": 7, ""exclusion_violations"": 0, ""reserve_violations"": 0, ""duplicate_work"": 0, ""total_energy_j"": 7530.0, ""unresolved_conflicts"": 0, ""terms"": {""completed_mandatory"": 50.0, ""anomaly_resolved"": 0.0, ""useful_reassignment"": 0.0, ""missed_mandatory"": -105.0, ""exclusion_violation"": -0.0, ""reserve_violation"": -0.0, ""duplicate_work"": -0.0, ""energy"": -0.03765, ""unresolved_conflict"": -0.0}, ""utility"": -55.03765}",paper_risk_bounded_v1_2026-09-28,utility_v2_frozen_2026-09-28,safe_useful_retention_v1_2026-09-28,b020b05fd30ba074657a54f681c4b19a3085cdb2,1
paper_ssp_200m_v1|5|target_recovers_age60|fresh_120|B4,paper_ssp_200m_v1,5,tr_15e068cb7ee2_gpu,target_recovers_age60,fresh_120,B4,,180.0,300.0,120.0,fresh,fresh,auv_06,auv_05,seg_05,cap_f070e17ae3c071d6,True,True,True,auv_05,180.0,120.0,1,False,True,True,auv_05,True,240.0,True,ALLOW,ALLOW_AUTHORIZED,PARTITIONED,continuous,False,False,reassign_not_recovery,1,1,0,1,0,1,0,0,1,0,-55.01165,-55.01165,-55.03705,0.0,0,0.0,0,0,0,0,7,6675.0,106.36800000000001,735.0,0,0,0,5,"{""freeze_id"": ""utility_v2_frozen_2026-09-28"", ""completed_mandatory"": 5, ""anomalies_resolved"": 0, ""useful_reassignments"": 0, ""missed_mandatory"": 7, ""exclusion_violations"": 0, ""reserve_violations"": 0, ""duplicate_work"": 0, ""total_energy_j"": 7410.0, ""unresolved_conflicts"": 0, ""terms"": {""completed_mandatory"": 50.0, ""anomaly_resolved"": 0.0, ""useful_reassignment"": 0.0, ""missed_mandatory"": -105.0, ""exclusion_violation"": -0.0, ""reserve_violation"": -0.0, ""duplicate_work"": -0.0, ""energy"": -0.03705, ""unresolved_conflict"": -0.0}, ""utility"": -55.03705}",paper_risk_bounded_v1_2026-09-28,utility_v2_frozen_2026-09-28,safe_useful_retention_v1_2026-09-28,b020b05fd30ba074657a54f681c4b19a3085cdb2,1
paper_ssp_200m_v1|5|target_recovers_age60|fresh_120|B4-NoFreshness,paper_ssp_200m_v1,5,tr_15e068cb7ee2_gpu,target_recovers_age60,fresh_120,B4-NoFreshness,b4_no_freshness_v1,180.0,300.0,120.0,fresh,fresh,auv_06,auv_05,seg_05,cap_67132dd41bbe1e7e,True,True,True,auv_05,180.0,120.0,1,False,True,True,auv_05,True,240.0,True,ALLOW,ALLOW_AUTHORIZED,PARTITIONED,disabled,False,False,reassign_not_recovery,1,1,0,1,0,1,0,0,1,0,-55.01165,-55.01165,-55.03765,0.0,0,0.0,0,0,0,0,7,6795.0,106.36800000000001,735.0,0,0,0,5,"{""freeze_id"": ""utility_v2_frozen_2026-09-28"", ""completed_mandatory"": 5, ""anomalies_resolved"": 0, ""useful_reassignments"": 0, ""missed_mandatory"": 7, ""exclusion_violations"": 0, ""reserve_violations"": 0, ""duplicate_work"": 0, ""total_energy_j"": 7530.0, ""unresolved_conflicts"": 0, ""terms"": {""completed_mandatory"": 50.0, ""anomaly_resolved"": 0.0, ""useful_reassignment"": 0.0, ""missed_mandatory"": -105.0, ""exclusion_violation"": -0.0, ""reserve_violation"": -0.0, ""duplicate_work"": -0.0, ""energy"": -0.03765, ""unresolved_conflict"": -0.0}, ""utility"": -55.03765}",paper_risk_bounded_v1_2026-09-28,utility_v2_frozen_2026-09-28,safe_useful_retention_v1_2026-09-28,b020b05fd30ba074657a54f681c4b19a3085cdb2,1
paper_ssp_200m_v1|6|target_recovers_age60|fresh_120|B4,paper_ssp_200m_v1,6,tr_554048377072_gpu,target_recovers_age60,fresh_120,B4,,180.0,300.0,120.0,fresh,fresh,auv_06,auv_05,seg_05,cap_21c65863696b7473,True,True,True,auv_05,180.0,120.0,1,False,True,True,auv_05,True,240.0,True,ALLOW,ALLOW_AUTHORIZED,PARTITIONED,continuous,False,False,reassign_not_recovery,1,1,0,1,0,1,0,0,1,0,-55.01165,-55.01165,-55.03705,0.0,0,0.0,0,0,0,0,7,6675.0,104.24000000000001,735.0,0,0,0,5,"{""freeze_id"": ""utility_v2_frozen_2026-09-28"", ""completed_mandatory"": 5, ""anomalies_resolved"": 0, ""useful_reassignments"": 0, ""missed_mandatory"": 7, ""exclusion_violations"": 0, ""reserve_violations"": 0, ""duplicate_work"": 0, ""total_energy_j"": 7410.0, ""unresolved_conflicts"": 0, ""terms"": {""completed_mandatory"": 50.0, ""anomaly_resolved"": 0.0, ""useful_reassignment"": 0.0, ""missed_mandatory"": -105.0, ""exclusion_violation"": -0.0, ""reserve_violation"": -0.0, ""duplicate_work"": -0.0, ""energy"": -0.03705, ""unresolved_conflict"": -0.0}, ""utility"": -55.03705}",paper_risk_bounded_v1_2026-09-28,utility_v2_frozen_2026-09-28,safe_useful_retention_v1_2026-09-28,b020b05fd30ba074657a54f681c4b19a3085cdb2,1
paper_ssp_200m_v1|6|target_recovers_age60|fresh_120|B4-NoFreshness,paper_ssp_200m_v1,6,tr_554048377072_gpu,target_recovers_age60,fresh_120,B4-NoFreshness,b4_no_freshness_v1,180.0,300.0,120.0,fresh,fresh,auv_06,auv_05,seg_05,cap_05c6cf5648ae197d,True,True,True,auv_05,180.0,120.0,1,False,True,True,auv_05,True,240.0,True,ALLOW,ALLOW_AUTHORIZED,PARTITIONED,disabled,False,False,reassign_not_recovery,1,1,0,1,0,1,0,0,1,0,-55.01165,-55.01165,-55.03765,0.0,0,0.0,0,0,0,0,7,6795.0,104.24000000000001,735.0,0,0,0,5,"{""freeze_id"": ""utility_v2_frozen_2026-09-28"", ""completed_mandatory"": 5, ""anomalies_resolved"": 0, ""useful_reassignments"": 0, ""missed_mandatory"": 7, ""exclusion_violations"": 0, ""reserve_violations"": 0, ""duplicate_work"": 0, ""total_energy_j"": 7530.0, ""unresolved_conflicts"": 0, ""terms"": {""completed_mandatory"": 50.0, ""anomaly_resolved"": 0.0, ""useful_reassignment"": 0.0, ""missed_mandatory"": -105.0, ""exclusion_violation"": -0.0, ""reserve_violation"": -0.0, ""duplicate_work"": -0.0, ""energy"": -0.03765, ""unresolved_conflict"": -0.0}, ""utility"": -55.03765}",paper_risk_bounded_v1_2026-09-28,utility_v2_frozen_2026-09-28,safe_useful_retention_v1_2026-09-28,b020b05fd30ba074657a54f681c4b19a3085cdb2,1
paper_ssp_200m_v1|7|target_recovers_age60|fresh_120|B4,paper_ssp_200m_v1,7,tr_58d2b05ddd66_gpu,target_recovers_age60,fresh_120,B4,,180.0,300.0,120.0,fresh,fresh,auv_06,auv_05,seg_05,cap_0d281fbfa3895077,True,True,True,auv_05,180.0,120.0,1,False,True,True,auv_05,True,240.0,True,ALLOW,ALLOW_AUTHORIZED,PARTITIONED,continuous,False,False,reassign_not_recovery,1,1,0,1,0,1,0,0,1,0,-55.01165,-55.01165,-55.03705,0.0,0,0.0,0,0,0,0,7,6675.0,109.568,735.0,0,0,0,5,"{""freeze_id"": ""utility_v2_frozen_2026-09-28"", ""completed_mandatory"": 5, ""anomalies_resolved"": 0, ""useful_reassignments"": 0, ""missed_mandatory"": 7, ""exclusion_violations"": 0, ""reserve_violations"": 0, ""duplicate_work"": 0, ""total_energy_j"": 7410.0, ""unresolved_conflicts"": 0, ""terms"": {""completed_mandatory"": 50.0, ""anomaly_resolved"": 0.0, ""useful_reassignment"": 0.0, ""missed_mandatory"": -105.0, ""exclusion_violation"": -0.0, ""reserve_violation"": -0.0, ""duplicate_work"": -0.0, ""energy"": -0.03705, ""unresolved_conflict"": -0.0}, ""utility"": -55.03705}",paper_risk_bounded_v1_2026-09-28,utility_v2_frozen_2026-09-28,safe_useful_retention_v1_2026-09-28,b020b05fd30ba074657a54f681c4b19a3085cdb2,1
paper_ssp_200m_v1|7|target_recovers_age60|fresh_120|B4-NoFreshness,paper_ssp_200m_v1,7,tr_58d2b05ddd66_gpu,target_recovers_age60,fresh_120,B4-NoFreshness,b4_no_freshness_v1,180.0,300.0,120.0,fresh,fresh,auv_06,auv_05,seg_05,cap_a517f1721fd7a892,True,True,True,auv_05,180.0,120.0,1,False,True,True,auv_05,True,240.0,True,ALLOW,ALLOW_AUTHORIZED,PARTITIONED,disabled,False,False,reassign_not_recovery,1,1,0,1,0,1,0,0,1,0,-55.01165,-55.01165,-55.03765,0.0,0,0.0,0,0,0,0,7,6795.0,109.568,735.0,0,0,0,5,"{""freeze_id"": ""utility_v2_frozen_2026-09-28"", ""completed_mandatory"": 5, ""anomalies_resolved"": 0, ""useful_reassignments"": 0, ""missed_mandatory"": 7, ""exclusion_violations"": 0, ""reserve_violations"": 0, ""duplicate_work"": 0, ""total_energy_j"": 7530.0, ""unresolved_conflicts"": 0, ""terms"": {""completed_mandatory"": 50.0, ""anomaly_resolved"": 0.0, ""useful_reassignment"": 0.0, ""missed_mandatory"": -105.0, ""exclusion_violation"": -0.0, ""reserve_violation"": -0.0, ""duplicate_work"": -0.0, ""energy"": -0.03765, ""unresolved_conflict"": -0.0}, ""utility"": -55.03765}",paper_risk_bounded_v1_2026-09-28,utility_v2_frozen_2026-09-28,safe_useful_retention_v1_2026-09-28,b020b05fd30ba074657a54f681c4b19a3085cdb2,1
paper_ssp_200m_v1|8|target_recovers_age60|fresh_120|B4,paper_ssp_200m_v1,8,tr_ca1dfa6822d6_gpu,target_recovers_age60,fresh_120,B4,,180.0,300.0,120.0,fresh,fresh,auv_06,auv_05,seg_05,cap_ed7dfd86b4f1ec75,True,True,True,auv_05,180.0,120.0,1,False,True,True,auv_05,True,240.0,True,ALLOW,ALLOW_AUTHORIZED,PARTITIONED,continuous,False,False,reassign_not_recovery,1,1,0,1,0,1,0,0,1,0,-55.01165,-55.01165,-55.03705,0.0,0,0.0,0,0,0,0,7,6675.0,112.256,735.0,0,0,0,5,"{""freeze_id"": ""utility_v2_frozen_2026-09-28"", ""completed_mandatory"": 5, ""anomalies_resolved"": 0, ""useful_reassignments"": 0, ""missed_mandatory"": 7, ""exclusion_violations"": 0, ""reserve_violations"": 0, ""duplicate_work"": 0, ""total_energy_j"": 7410.0, ""unresolved_conflicts"": 0, ""terms"": {""completed_mandatory"": 50.0, ""anomaly_resolved"": 0.0, ""useful_reassignment"": 0.0, ""missed_mandatory"": -105.0, ""exclusion_violation"": -0.0, ""reserve_violation"": -0.0, ""duplicate_work"": -0.0, ""energy"": -0.03705, ""unresolved_conflict"": -0.0}, ""utility"": -55.03705}",paper_risk_bounded_v1_2026-09-28,utility_v2_frozen_2026-09-28,safe_useful_retention_v1_2026-09-28,b020b05fd30ba074657a54f681c4b19a3085cdb2,1
paper_ssp_200m_v1|8|target_recovers_age60|fresh_120|B4-NoFreshness,paper_ssp_200m_v1,8,tr_ca1dfa6822d6_gpu,target_recovers_age60,fresh_120,B4-NoFreshness,b4_no_freshness_v1,180.0,300.0,120.0,fresh,fresh,auv_06,auv_05,seg_05,cap_41e40f266fc84b49,True,True,True,auv_05,180.0,120.0,1,False,True,True,auv_05,True,240.0,True,ALLOW,ALLOW_AUTHORIZED,PARTITIONED,disabled,False,False,reassign_not_recovery,1,1,0,1,0,1,0,0,1,0,-55.01165,-55.01165,-55.03765,0.0,0,0.0,0,0,0,0,7,6795.0,112.256,735.0,0,0,0,5,"{""freeze_id"": ""utility_v2_frozen_2026-09-28"", ""completed_mandatory"": 5, ""anomalies_resolved"": 0, ""useful_reassignments"": 0, ""missed_mandatory"": 7, ""exclusion_violations"": 0, ""reserve_violations"": 0, ""duplicate_work"": 0, ""total_energy_j"": 7530.0, ""unresolved_conflicts"": 0, ""terms"": {""completed_mandatory"": 50.0, ""anomaly_resolved"": 0.0, ""useful_reassignment"": 0.0, ""missed_mandatory"": -105.0, ""exclusion_violation"": -0.0, ""reserve_violation"": -0.0, ""duplicate_work"": -0.0, ""energy"": -0.03765, ""unresolved_conflict"": -0.0}, ""utility"": -55.03765}",paper_risk_bounded_v1_2026-09-28,utility_v2_frozen_2026-09-28,safe_useful_retention_v1_2026-09-28,b020b05fd30ba074657a54f681c4b19a3085cdb2,1
paper_ssp_200m_v1|9|target_recovers_age60|fresh_120|B4,paper_ssp_200m_v1,9,tr_f9d255d666ea_gpu,target_recovers_age60,fresh_120,B4,,180.0,300.0,120.0,fresh,fresh,auv_06,auv_05,seg_05,cap_f070e17ae3c071d6,True,True,True,auv_05,180.0,120.0,1,False,True,True,auv_05,True,240.0,True,ALLOW,ALLOW_AUTHORIZED,PARTITIONED,continuous,False,False,reassign_not_recovery,1,1,0,1,0,1,0,0,1,0,-55.01165,-55.01165,-55.03705,0.0,0,0.0,0,0,0,0,7,6675.0,109.44,735.0,0,0,0,5,"{""freeze_id"": ""utility_v2_frozen_2026-09-28"", ""completed_mandatory"": 5, ""anomalies_resolved"": 0, ""useful_reassignments"": 0, ""missed_mandatory"": 7, ""exclusion_violations"": 0, ""reserve_violations"": 0, ""duplicate_work"": 0, ""total_energy_j"": 7410.0, ""unresolved_conflicts"": 0, ""terms"": {""completed_mandatory"": 50.0, ""anomaly_resolved"": 0.0, ""useful_reassignment"": 0.0, ""missed_mandatory"": -105.0, ""exclusion_violation"": -0.0, ""reserve_violation"": -0.0, ""duplicate_work"": -0.0, ""energy"": -0.03705, ""unresolved_conflict"": -0.0}, ""utility"": -55.03705}",paper_risk_bounded_v1_2026-09-28,utility_v2_frozen_2026-09-28,safe_useful_retention_v1_2026-09-28,b020b05fd30ba074657a54f681c4b19a3085cdb2,1
paper_ssp_200m_v1|9|target_recovers_age60|fresh_120|B4-NoFreshness,paper_ssp_200m_v1,9,tr_f9d255d666ea_gpu,target_recovers_age60,fresh_120,B4-NoFreshness,b4_no_freshness_v1,180.0,300.0,120.0,fresh,fresh,auv_06,auv_05,seg_05,cap_1c2af44fbf3ba7e5,True,True,True,auv_05,180.0,120.0,1,False,True,True,auv_05,True,240.0,True,ALLOW,ALLOW_AUTHORIZED,PARTITIONED,disabled,False,False,reassign_not_recovery,1,1,0,1,0,1,0,0,1,0,-55.01165,-55.01165,-55.03765,0.0,0,0.0,0,0,0,0,7,6795.0,109.44,735.0,0,0,0,5,"{""freeze_id"": ""utility_v2_frozen_2026-09-28"", ""completed_mandatory"": 5, ""anomalies_resolved"": 0, ""useful_reassignments"": 0, ""missed_mandatory"": 7, ""exclusion_violations"": 0, ""reserve_violations"": 0, ""duplicate_work"": 0, ""total_energy_j"": 7530.0, ""unresolved_conflicts"": 0, ""terms"": {""completed_mandatory"": 50.0, ""anomaly_resolved"": 0.0, ""useful_reassignment"": 0.0, ""missed_mandatory"": -105.0, ""exclusion_violation"": -0.0, ""reserve_violation"": -0.0, ""duplicate_work"": -0.0, ""energy"": -0.03765, ""unresolved_conflict"": -0.0}, ""utility"": -55.03765}",paper_risk_bounded_v1_2026-09-28,utility_v2_frozen_2026-09-28,safe_useful_retention_v1_2026-09-28,b020b05fd30ba074657a54f681c4b19a3085cdb2,1
paper_ssp_200m_moderate_v1|0|target_recovers_age60|fresh_120|B4,paper_ssp_200m_moderate_v1,0,tr_e481a0d054ed_gpu,target_recovers_age60,fresh_120,B4,,180.0,300.0,120.0,fresh,fresh,auv_06,auv_05,seg_05,cap_3ddb592b89bbf266,True,True,True,auv_05,180.0,120.0,1,False,True,True,auv_05,True,240.0,True,ALLOW,ALLOW_AUTHORIZED,PARTITIONED,continuous,False,False,reassign_not_recovery,1,1,0,1,0,1,0,0,1,0,-55.01165,-55.01165,-55.03705,0.0,0,0.0,0,0,0,0,7,6675.0,83.424,735.0,0,0,0,5,"{""freeze_id"": ""utility_v2_frozen_2026-09-28"", ""completed_mandatory"": 5, ""anomalies_resolved"": 0, ""useful_reassignments"": 0, ""missed_mandatory"": 7, ""exclusion_violations"": 0, ""reserve_violations"": 0, ""duplicate_work"": 0, ""total_energy_j"": 7410.0, ""unresolved_conflicts"": 0, ""terms"": {""completed_mandatory"": 50.0, ""anomaly_resolved"": 0.0, ""useful_reassignment"": 0.0, ""missed_mandatory"": -105.0, ""exclusion_violation"": -0.0, ""reserve_violation"": -0.0, ""duplicate_work"": -0.0, ""energy"": -0.03705, ""unresolved_conflict"": -0.0}, ""utility"": -55.03705}",paper_risk_bounded_v1_2026-09-28,utility_v2_frozen_2026-09-28,safe_useful_retention_v1_2026-09-28,b020b05fd30ba074657a54f681c4b19a3085cdb2,1
paper_ssp_200m_moderate_v1|0|target_recovers_age60|fresh_120|B4-NoFreshness,paper_ssp_200m_moderate_v1,0,tr_e481a0d054ed_gpu,target_recovers_age60,fresh_120,B4-NoFreshness,b4_no_freshness_v1,180.0,300.0,120.0,fresh,fresh,auv_06,auv_05,seg_05,cap_82ecdf5aea50eeca,True,True,True,auv_05,180.0,120.0,1,False,True,True,auv_05,True,240.0,True,ALLOW,ALLOW_AUTHORIZED,PARTITIONED,disabled,False,False,reassign_not_recovery,1,1,0,1,0,1,0,0,1,0,-55.01165,-55.01165,-55.03765,0.0,0,0.0,0,0,0,0,7,6795.0,83.424,735.0,0,0,0,5,"{""freeze_id"": ""utility_v2_frozen_2026-09-28"", ""completed_mandatory"": 5, ""anomalies_resolved"": 0, ""useful_reassignments"": 0, ""missed_mandatory"": 7, ""exclusion_violations"": 0, ""reserve_violations"": 0, ""duplicate_work"": 0, ""total_energy_j"": 7530.0, ""unresolved_conflicts"": 0, ""terms"": {""completed_mandatory"": 50.0, ""anomaly_resolved"": 0.0, ""useful_reassignment"": 0.0, ""missed_mandatory"": -105.0, ""exclusion_violation"": -0.0, ""reserve_violation"": -0.0, ""duplicate_work"": -0.0, ""energy"": -0.03765, ""unresolved_conflict"": -0.0}, ""utility"": -55.03765}",paper_risk_bounded_v1_2026-09-28,utility_v2_frozen_2026-09-28,safe_useful_retention_v1_2026-09-28,b020b05fd30ba074657a54f681c4b19a3085cdb2,1
paper_ssp_200m_moderate_v1|1|target_recovers_age60|fresh_120|B4,paper_ssp_200m_moderate_v1,1,tr_a88224c7b787_gpu,target_recovers_age60,fresh_120,B4,,180.0,300.0,120.0,fresh,fresh,auv_06,auv_05,seg_05,cap_3fb337cf45933a6f,True,True,True,auv_05,180.0,120.0,1,False,True,True,auv_05,True,240.0,True,ALLOW,ALLOW_AUTHORIZED,PARTITIONED,continuous,False,False,reassign_not_recovery,1,1,0,1,0,1,0,0,1,0,-55.01165,-55.01165,-55.03705,0.0,0,0.0,0,0,0,0,7,6675.0,83.424,735.0,0,0,0,5,"{""freeze_id"": ""utility_v2_frozen_2026-09-28"", ""completed_mandatory"": 5, ""anomalies_resolved"": 0, ""useful_reassignments"": 0, ""missed_mandatory"": 7, ""exclusion_violations"": 0, ""reserve_violations"": 0, ""duplicate_work"": 0, ""total_energy_j"": 7410.0, ""unresolved_conflicts"": 0, ""terms"": {""completed_mandatory"": 50.0, ""anomaly_resolved"": 0.0, ""useful_reassignment"": 0.0, ""missed_mandatory"": -105.0, ""exclusion_violation"": -0.0, ""reserve_violation"": -0.0, ""duplicate_work"": -0.0, ""energy"": -0.03705, ""unresolved_conflict"": -0.0}, ""utility"": -55.03705}",paper_risk_bounded_v1_2026-09-28,utility_v2_frozen_2026-09-28,safe_useful_retention_v1_2026-09-28,b020b05fd30ba074657a54f681c4b19a3085cdb2,1
paper_ssp_200m_moderate_v1|1|target_recovers_age60|fresh_120|B4-NoFreshness,paper_ssp_200m_moderate_v1,1,tr_a88224c7b787_gpu,target_recovers_age60,fresh_120,B4-NoFreshness,b4_no_freshness_v1,180.0,300.0,120.0,fresh,fresh,auv_06,auv_05,seg_05,cap_027a8a08da274208,True,True,True,auv_05,180.0,120.0,1,False,True,True,auv_05,True,240.0,True,ALLOW,ALLOW_AUTHORIZED,PARTITIONED,disabled,False,False,reassign_not_recovery,1,1,0,1,0,1,0,0,1,0,-55.01165,-55.01165,-55.03765,0.0,0,0.0,0,0,0,0,7,6795.0,83.424,735.0,0,0,0,5,"{""freeze_id"": ""utility_v2_frozen_2026-09-28"", ""completed_mandatory"": 5, ""anomalies_resolved"": 0, ""useful_reassignments"": 0, ""missed_mandatory"": 7, ""exclusion_violations"": 0, ""reserve_violations"": 0, ""duplicate_work"": 0, ""total_energy_j"": 7530.0, ""unresolved_conflicts"": 0, ""terms"": {""completed_mandatory"": 50.0, ""anomaly_resolved"": 0.0, ""useful_reassignment"": 0.0, ""missed_mandatory"": -105.0, ""exclusion_violation"": -0.0, ""reserve_violation"": -0.0, ""duplicate_work"": -0.0, ""energy"": -0.03765, ""unresolved_conflict"": -0.0}, ""utility"": -55.03765}",paper_risk_bounded_v1_2026-09-28,utility_v2_frozen_2026-09-28,safe_useful_retention_v1_2026-09-28,b020b05fd30ba074657a54f681c4b19a3085cdb2,1
paper_ssp_200m_moderate_v1|2|target_recovers_age60|fresh_120|B4,paper_ssp_200m_moderate_v1,2,tr_4370fea4680c_gpu,target_recovers_age60,fresh_120,B4,,180.0,300.0,120.0,fresh,fresh,auv_06,auv_05,seg_05,cap_00894e646e4a92ec,True,True,True,auv_05,180.0,120.0,1,False,True,True,auv_05,True,240.0,True,ALLOW,ALLOW_AUTHORIZED,PARTITIONED,continuous,False,False,reassign_not_recovery,1,1,0,1,0,1,0,0,1,0,-55.01165,-55.01165,-55.03705,0.0,0,0.0,0,0,0,0,7,6675.0,86.624,735.0,0,0,0,5,"{""freeze_id"": ""utility_v2_frozen_2026-09-28"", ""completed_mandatory"": 5, ""anomalies_resolved"": 0, ""useful_reassignments"": 0, ""missed_mandatory"": 7, ""exclusion_violations"": 0, ""reserve_violations"": 0, ""duplicate_work"": 0, ""total_energy_j"": 7410.0, ""unresolved_conflicts"": 0, ""terms"": {""completed_mandatory"": 50.0, ""anomaly_resolved"": 0.0, ""useful_reassignment"": 0.0, ""missed_mandatory"": -105.0, ""exclusion_violation"": -0.0, ""reserve_violation"": -0.0, ""duplicate_work"": -0.0, ""energy"": -0.03705, ""unresolved_conflict"": -0.0}, ""utility"": -55.03705}",paper_risk_bounded_v1_2026-09-28,utility_v2_frozen_2026-09-28,safe_useful_retention_v1_2026-09-28,b020b05fd30ba074657a54f681c4b19a3085cdb2,1
paper_ssp_200m_moderate_v1|2|target_recovers_age60|fresh_120|B4-NoFreshness,paper_ssp_200m_moderate_v1,2,tr_4370fea4680c_gpu,target_recovers_age60,fresh_120,B4-NoFreshness,b4_no_freshness_v1,180.0,300.0,120.0,fresh,fresh,auv_06,auv_05,seg_05,cap_aacb8ba70fc16bb8,True,True,True,auv_05,180.0,120.0,1,False,True,True,auv_05,True,240.0,True,ALLOW,ALLOW_AUTHORIZED,PARTITIONED,disabled,False,False,reassign_not_recovery,1,1,0,1,0,1,0,0,1,0,-55.01165,-55.01165,-55.03765,0.0,0,0.0,0,0,0,0,7,6795.0,86.624,735.0,0,0,0,5,"{""freeze_id"": ""utility_v2_frozen_2026-09-28"", ""completed_mandatory"": 5, ""anomalies_resolved"": 0, ""useful_reassignments"": 0, ""missed_mandatory"": 7, ""exclusion_violations"": 0, ""reserve_violations"": 0, ""duplicate_work"": 0, ""total_energy_j"": 7530.0, ""unresolved_conflicts"": 0, ""terms"": {""completed_mandatory"": 50.0, ""anomaly_resolved"": 0.0, ""useful_reassignment"": 0.0, ""missed_mandatory"": -105.0, ""exclusion_violation"": -0.0, ""reserve_violation"": -0.0, ""duplicate_work"": -0.0, ""energy"": -0.03765, ""unresolved_conflict"": -0.0}, ""utility"": -55.03765}",paper_risk_bounded_v1_2026-09-28,utility_v2_frozen_2026-09-28,safe_useful_retention_v1_2026-09-28,b020b05fd30ba074657a54f681c4b19a3085cdb2,1
paper_ssp_200m_moderate_v1|3|target_recovers_age60|fresh_120|B4,paper_ssp_200m_moderate_v1,3,tr_20211a97cb5f_gpu,target_recovers_age60,fresh_120,B4,,180.0,300.0,120.0,fresh,fresh,auv_06,auv_05,seg_05,cap_0863349b55e14d9a,True,True,True,auv_05,180.0,120.0,1,False,True,True,auv_05,True,240.0,True,ALLOW,ALLOW_AUTHORIZED,PARTITIONED,continuous,False,False,reassign_not_recovery,1,1,0,1,0,1,0,0,1,0,-55.01165,-55.01165,-55.03705,0.0,0,0.0,0,0,0,0,7,6675.0,86.24,735.0,0,0,0,5,"{""freeze_id"": ""utility_v2_frozen_2026-09-28"", ""completed_mandatory"": 5, ""anomalies_resolved"": 0, ""useful_reassignments"": 0, ""missed_mandatory"": 7, ""exclusion_violations"": 0, ""reserve_violations"": 0, ""duplicate_work"": 0, ""total_energy_j"": 7410.0, ""unresolved_conflicts"": 0, ""terms"": {""completed_mandatory"": 50.0, ""anomaly_resolved"": 0.0, ""useful_reassignment"": 0.0, ""missed_mandatory"": -105.0, ""exclusion_violation"": -0.0, ""reserve_violation"": -0.0, ""duplicate_work"": -0.0, ""energy"": -0.03705, ""unresolved_conflict"": -0.0}, ""utility"": -55.03705}",paper_risk_bounded_v1_2026-09-28,utility_v2_frozen_2026-09-28,safe_useful_retention_v1_2026-09-28,b020b05fd30ba074657a54f681c4b19a3085cdb2,1
paper_ssp_200m_moderate_v1|3|target_recovers_age60|fresh_120|B4-NoFreshness,paper_ssp_200m_moderate_v1,3,tr_20211a97cb5f_gpu,target_recovers_age60,fresh_120,B4-NoFreshness,b4_no_freshness_v1,180.0,300.0,120.0,fresh,fresh,auv_06,auv_05,seg_05,cap_5516afed7588d68f,True,True,True,auv_05,180.0,120.0,1,False,True,True,auv_05,True,240.0,True,ALLOW,ALLOW_AUTHORIZED,PARTITIONED,disabled,False,False,reassign_not_recovery,1,1,0,1,0,1,0,0,1,0,-55.01165,-55.01165,-55.03765,0.0,0,0.0,0,0,0,0,7,6795.0,86.24,735.0,0,0,0,5,"{""freeze_id"": ""utility_v2_frozen_2026-09-28"", ""completed_mandatory"": 5, ""anomalies_resolved"": 0, ""useful_reassignments"": 0, ""missed_mandatory"": 7, ""exclusion_violations"": 0, ""reserve_violations"": 0, ""duplicate_work"": 0, ""total_energy_j"": 7530.0, ""unresolved_conflicts"": 0, ""terms"": {""completed_mandatory"": 50.0, ""anomaly_resolved"": 0.0, ""useful_reassignment"": 0.0, ""missed_mandatory"": -105.0, ""exclusion_violation"": -0.0, ""reserve_violation"": -0.0, ""duplicate_work"": -0.0, ""energy"": -0.03765, ""unresolved_conflict"": -0.0}, ""utility"": -55.03765}",paper_risk_bounded_v1_2026-09-28,utility_v2_frozen_2026-09-28,safe_useful_retention_v1_2026-09-28,b020b05fd30ba074657a54f681c4b19a3085cdb2,1
paper_ssp_200m_moderate_v1|4|target_recovers_age60|fresh_120|B4,paper_ssp_200m_moderate_v1,4,tr_6f36c0ce7c2d_gpu,target_recovers_age60,fresh_120,B4,,180.0,300.0,120.0,fresh,fresh,auv_06,auv_05,seg_05,cap_c1464a6b0bb2e24b,True,True,True,auv_05,180.0,120.0,1,False,True,True,auv_05,True,240.0,True,ALLOW,ALLOW_AUTHORIZED,PARTITIONED,continuous,False,False,reassign_not_recovery,1,1,0,1,0,1,0,0,1,0,-55.01165,-55.01165,-55.03705,0.0,0,0.0,0,0,0,0,7,6675.0,83.68,735.0,0,0,0,5,"{""freeze_id"": ""utility_v2_frozen_2026-09-28"", ""completed_mandatory"": 5, ""anomalies_resolved"": 0, ""useful_reassignments"": 0, ""missed_mandatory"": 7, ""exclusion_violations"": 0, ""reserve_violations"": 0, ""duplicate_work"": 0, ""total_energy_j"": 7410.0, ""unresolved_conflicts"": 0, ""terms"": {""completed_mandatory"": 50.0, ""anomaly_resolved"": 0.0, ""useful_reassignment"": 0.0, ""missed_mandatory"": -105.0, ""exclusion_violation"": -0.0, ""reserve_violation"": -0.0, ""duplicate_work"": -0.0, ""energy"": -0.03705, ""unresolved_conflict"": -0.0}, ""utility"": -55.03705}",paper_risk_bounded_v1_2026-09-28,utility_v2_frozen_2026-09-28,safe_useful_retention_v1_2026-09-28,b020b05fd30ba074657a54f681c4b19a3085cdb2,1
paper_ssp_200m_moderate_v1|4|target_recovers_age60|fresh_120|B4-NoFreshness,paper_ssp_200m_moderate_v1,4,tr_6f36c0ce7c2d_gpu,target_recovers_age60,fresh_120,B4-NoFreshness,b4_no_freshness_v1,180.0,300.0,120.0,fresh,fresh,auv_06,auv_05,seg_05,cap_542489e3c8b6ef0c,True,True,True,auv_05,180.0,120.0,1,False,True,True,auv_05,True,240.0,True,ALLOW,ALLOW_AUTHORIZED,PARTITIONED,disabled,False,False,reassign_not_recovery,1,1,0,1,0,1,0,0,1,0,-55.01165,-55.01165,-55.03765,0.0,0,0.0,0,0,0,0,7,6795.0,83.68,735.0,0,0,0,5,"{""freeze_id"": ""utility_v2_frozen_2026-09-28"", ""completed_mandatory"": 5, ""anomalies_resolved"": 0, ""useful_reassignments"": 0, ""missed_mandatory"": 7, ""exclusion_violations"": 0, ""reserve_violations"": 0, ""duplicate_work"": 0, ""total_energy_j"": 7530.0, ""unresolved_conflicts"": 0, ""terms"": {""completed_mandatory"": 50.0, ""anomaly_resolved"": 0.0, ""useful_reassignment"": 0.0, ""missed_mandatory"": -105.0, ""exclusion_violation"": -0.0, ""reserve_violation"": -0.0, ""duplicate_work"": -0.0, ""energy"": -0.03765, ""unresolved_conflict"": -0.0}, ""utility"": -55.03765}",paper_risk_bounded_v1_2026-09-28,utility_v2_frozen_2026-09-28,safe_useful_retention_v1_2026-09-28,b020b05fd30ba074657a54f681c4b19a3085cdb2,1
paper_ssp_200m_moderate_v1|5|target_recovers_age60|fresh_120|B4,paper_ssp_200m_moderate_v1,5,tr_5d331a011f4e_gpu,target_recovers_age60,fresh_120,B4,,180.0,300.0,120.0,fresh,fresh,auv_06,auv_05,seg_05,cap_68de09afc99602c5,True,True,True,auv_05,180.0,120.0,1,False,True,True,auv_05,True,240.0,True,ALLOW,ALLOW_AUTHORIZED,PARTITIONED,continuous,False,False,reassign_not_recovery,1,1,0,1,0,1,0,0,1,0,-55.01165,-55.01165,-55.03705,0.0,0,0.0,0,0,0,0,7,6675.0,83.808,735.0,0,0,0,5,"{""freeze_id"": ""utility_v2_frozen_2026-09-28"", ""completed_mandatory"": 5, ""anomalies_resolved"": 0, ""useful_reassignments"": 0, ""missed_mandatory"": 7, ""exclusion_violations"": 0, ""reserve_violations"": 0, ""duplicate_work"": 0, ""total_energy_j"": 7410.0, ""unresolved_conflicts"": 0, ""terms"": {""completed_mandatory"": 50.0, ""anomaly_resolved"": 0.0, ""useful_reassignment"": 0.0, ""missed_mandatory"": -105.0, ""exclusion_violation"": -0.0, ""reserve_violation"": -0.0, ""duplicate_work"": -0.0, ""energy"": -0.03705, ""unresolved_conflict"": -0.0}, ""utility"": -55.03705}",paper_risk_bounded_v1_2026-09-28,utility_v2_frozen_2026-09-28,safe_useful_retention_v1_2026-09-28,b020b05fd30ba074657a54f681c4b19a3085cdb2,1
paper_ssp_200m_moderate_v1|5|target_recovers_age60|fresh_120|B4-NoFreshness,paper_ssp_200m_moderate_v1,5,tr_5d331a011f4e_gpu,target_recovers_age60,fresh_120,B4-NoFreshness,b4_no_freshness_v1,180.0,300.0,120.0,fresh,fresh,auv_06,auv_05,seg_05,cap_027a8a08da274208,True,True,True,auv_05,180.0,120.0,1,False,True,True,auv_05,True,240.0,True,ALLOW,ALLOW_AUTHORIZED,PARTITIONED,disabled,False,False,reassign_not_recovery,1,1,0,1,0,1,0,0,1,0,-55.01165,-55.01165,-55.03765,0.0,0,0.0,0,0,0,0,7,6795.0,83.808,735.0,0,0,0,5,"{""freeze_id"": ""utility_v2_frozen_2026-09-28"", ""completed_mandatory"": 5, ""anomalies_resolved"": 0, ""useful_reassignments"": 0, ""missed_mandatory"": 7, ""exclusion_violations"": 0, ""reserve_violations"": 0, ""duplicate_work"": 0, ""total_energy_j"": 7530.0, ""unresolved_conflicts"": 0, ""terms"": {""completed_mandatory"": 50.0, ""anomaly_resolved"": 0.0, ""useful_reassignment"": 0.0, ""missed_mandatory"": -105.0, ""exclusion_violation"": -0.0, ""reserve_violation"": -0.0, ""duplicate_work"": -0.0, ""energy"": -0.03765, ""unresolved_conflict"": -0.0}, ""utility"": -55.03765}",paper_risk_bounded_v1_2026-09-28,utility_v2_frozen_2026-09-28,safe_useful_retention_v1_2026-09-28,b020b05fd30ba074657a54f681c4b19a3085cdb2,1
paper_ssp_200m_moderate_v1|6|target_recovers_age60|fresh_120|B4,paper_ssp_200m_moderate_v1,6,tr_fb806e94e0f6_gpu,target_recovers_age60,fresh_120,B4,,180.0,300.0,120.0,fresh,fresh,auv_06,auv_05,seg_05,cap_dfa82b5c638cb537,True,True,True,auv_05,180.0,120.0,1,False,True,True,auv_05,True,240.0,True,ALLOW,ALLOW_AUTHORIZED,PARTITIONED,continuous,False,False,reassign_not_recovery,1,1,0,1,0,1,0,0,1,0,-55.01165,-55.01165,-55.03705,0.0,0,0.0,0,0,0,0,7,6675.0,84.19200000000001,735.0,0,0,0,5,"{""freeze_id"": ""utility_v2_frozen_2026-09-28"", ""completed_mandatory"": 5, ""anomalies_resolved"": 0, ""useful_reassignments"": 0, ""missed_mandatory"": 7, ""exclusion_violations"": 0, ""reserve_violations"": 0, ""duplicate_work"": 0, ""total_energy_j"": 7410.0, ""unresolved_conflicts"": 0, ""terms"": {""completed_mandatory"": 50.0, ""anomaly_resolved"": 0.0, ""useful_reassignment"": 0.0, ""missed_mandatory"": -105.0, ""exclusion_violation"": -0.0, ""reserve_violation"": -0.0, ""duplicate_work"": -0.0, ""energy"": -0.03705, ""unresolved_conflict"": -0.0}, ""utility"": -55.03705}",paper_risk_bounded_v1_2026-09-28,utility_v2_frozen_2026-09-28,safe_useful_retention_v1_2026-09-28,b020b05fd30ba074657a54f681c4b19a3085cdb2,1
paper_ssp_200m_moderate_v1|6|target_recovers_age60|fresh_120|B4-NoFreshness,paper_ssp_200m_moderate_v1,6,tr_fb806e94e0f6_gpu,target_recovers_age60,fresh_120,B4-NoFreshness,b4_no_freshness_v1,180.0,300.0,120.0,fresh,fresh,auv_06,auv_05,seg_05,cap_5ff9dc00f58b74ee,True,True,True,auv_05,180.0,120.0,1,False,True,True,auv_05,True,240.0,True,ALLOW,ALLOW_AUTHORIZED,PARTITIONED,disabled,False,False,reassign_not_recovery,1,1,0,1,0,1,0,0,1,0,-55.01165,-55.01165,-55.03765,0.0,0,0.0,0,0,0,0,7,6795.0,84.19200000000001,735.0,0,0,0,5,"{""freeze_id"": ""utility_v2_frozen_2026-09-28"", ""completed_mandatory"": 5, ""anomalies_resolved"": 0, ""useful_reassignments"": 0, ""missed_mandatory"": 7, ""exclusion_violations"": 0, ""reserve_violations"": 0, ""duplicate_work"": 0, ""total_energy_j"": 7530.0, ""unresolved_conflicts"": 0, ""terms"": {""completed_mandatory"": 50.0, ""anomaly_resolved"": 0.0, ""useful_reassignment"": 0.0, ""missed_mandatory"": -105.0, ""exclusion_violation"": -0.0, ""reserve_violation"": -0.0, ""duplicate_work"": -0.0, ""energy"": -0.03765, ""unresolved_conflict"": -0.0}, ""utility"": -55.03765}",paper_risk_bounded_v1_2026-09-28,utility_v2_frozen_2026-09-28,safe_useful_retention_v1_2026-09-28,b020b05fd30ba074657a54f681c4b19a3085cdb2,1
paper_ssp_200m_moderate_v1|7|target_recovers_age60|fresh_120|B4,paper_ssp_200m_moderate_v1,7,tr_0339ceb0e831_gpu,target_recovers_age60,fresh_120,B4,,180.0,300.0,120.0,fresh,fresh,auv_06,auv_05,seg_05,cap_05c166a703fd02a1,True,True,True,auv_05,180.0,120.0,1,False,True,True,auv_05,True,240.0,True,ALLOW,ALLOW_AUTHORIZED,PARTITIONED,continuous,False,False,reassign_not_recovery,1,1,0,1,0,1,0,0,1,0,-55.01165,-55.01165,-55.03705,0.0,0,0.0,0,0,0,0,7,6675.0,83.04,735.0,0,0,0,5,"{""freeze_id"": ""utility_v2_frozen_2026-09-28"", ""completed_mandatory"": 5, ""anomalies_resolved"": 0, ""useful_reassignments"": 0, ""missed_mandatory"": 7, ""exclusion_violations"": 0, ""reserve_violations"": 0, ""duplicate_work"": 0, ""total_energy_j"": 7410.0, ""unresolved_conflicts"": 0, ""terms"": {""completed_mandatory"": 50.0, ""anomaly_resolved"": 0.0, ""useful_reassignment"": 0.0, ""missed_mandatory"": -105.0, ""exclusion_violation"": -0.0, ""reserve_violation"": -0.0, ""duplicate_work"": -0.0, ""energy"": -0.03705, ""unresolved_conflict"": -0.0}, ""utility"": -55.03705}",paper_risk_bounded_v1_2026-09-28,utility_v2_frozen_2026-09-28,safe_useful_retention_v1_2026-09-28,b020b05fd30ba074657a54f681c4b19a3085cdb2,1
paper_ssp_200m_moderate_v1|7|target_recovers_age60|fresh_120|B4-NoFreshness,paper_ssp_200m_moderate_v1,7,tr_0339ceb0e831_gpu,target_recovers_age60,fresh_120,B4-NoFreshness,b4_no_freshness_v1,180.0,300.0,120.0,fresh,fresh,auv_06,auv_05,seg_05,cap_82ecdf5aea50eeca,True,True,True,auv_05,180.0,120.0,1,False,True,True,auv_05,True,240.0,True,ALLOW,ALLOW_AUTHORIZED,PARTITIONED,disabled,False,False,reassign_not_recovery,1,1,0,1,0,1,0,0,1,0,-55.01165,-55.01165,-55.03765,0.0,0,0.0,0,0,0,0,7,6795.0,83.04,735.0,0,0,0,5,"{""freeze_id"": ""utility_v2_frozen_2026-09-28"", ""completed_mandatory"": 5, ""anomalies_resolved"": 0, ""useful_reassignments"": 0, ""missed_mandatory"": 7, ""exclusion_violations"": 0, ""reserve_violations"": 0, ""duplicate_work"": 0, ""total_energy_j"": 7530.0, ""unresolved_conflicts"": 0, ""terms"": {""completed_mandatory"": 50.0, ""anomaly_resolved"": 0.0, ""useful_reassignment"": 0.0, ""missed_mandatory"": -105.0, ""exclusion_violation"": -0.0, ""reserve_violation"": -0.0, ""duplicate_work"": -0.0, ""energy"": -0.03765, ""unresolved_conflict"": -0.0}, ""utility"": -55.03765}",paper_risk_bounded_v1_2026-09-28,utility_v2_frozen_2026-09-28,safe_useful_retention_v1_2026-09-28,b020b05fd30ba074657a54f681c4b19a3085cdb2,1
paper_ssp_200m_moderate_v1|8|target_recovers_age60|fresh_120|B4,paper_ssp_200m_moderate_v1,8,tr_6d424feb0439_gpu,target_recovers_age60,fresh_120,B4,,180.0,300.0,120.0,fresh,fresh,auv_06,auv_05,seg_05,cap_f070e17ae3c071d6,True,True,True,auv_05,180.0,120.0,1,False,True,True,auv_05,True,240.0,True,ALLOW,ALLOW_AUTHORIZED,PARTITIONED,continuous,False,False,reassign_not_recovery,1,1,0,1,0,1,0,0,1,0,-55.01165,-55.01165,-55.03705,0.0,0,0.0,0,0,0,0,7,6675.0,87.136,735.0,0,0,0,5,"{""freeze_id"": ""utility_v2_frozen_2026-09-28"", ""completed_mandatory"": 5, ""anomalies_resolved"": 0, ""useful_reassignments"": 0, ""missed_mandatory"": 7, ""exclusion_violations"": 0, ""reserve_violations"": 0, ""duplicate_work"": 0, ""total_energy_j"": 7410.0, ""unresolved_conflicts"": 0, ""terms"": {""completed_mandatory"": 50.0, ""anomaly_resolved"": 0.0, ""useful_reassignment"": 0.0, ""missed_mandatory"": -105.0, ""exclusion_violation"": -0.0, ""reserve_violation"": -0.0, ""duplicate_work"": -0.0, ""energy"": -0.03705, ""unresolved_conflict"": -0.0}, ""utility"": -55.03705}",paper_risk_bounded_v1_2026-09-28,utility_v2_frozen_2026-09-28,safe_useful_retention_v1_2026-09-28,b020b05fd30ba074657a54f681c4b19a3085cdb2,1
paper_ssp_200m_moderate_v1|8|target_recovers_age60|fresh_120|B4-NoFreshness,paper_ssp_200m_moderate_v1,8,tr_6d424feb0439_gpu,target_recovers_age60,fresh_120,B4-NoFreshness,b4_no_freshness_v1,180.0,300.0,120.0,fresh,fresh,auv_06,auv_05,seg_05,cap_624efff103dc0009,True,True,True,auv_05,180.0,120.0,1,False,True,True,auv_05,True,240.0,True,ALLOW,ALLOW_AUTHORIZED,PARTITIONED,disabled,False,False,reassign_not_recovery,1,1,0,1,0,1,0,0,1,0,-55.01165,-55.01165,-55.03765,0.0,0,0.0,0,0,0,0,7,6795.0,87.136,735.0,0,0,0,5,"{""freeze_id"": ""utility_v2_frozen_2026-09-28"", ""completed_mandatory"": 5, ""anomalies_resolved"": 0, ""useful_reassignments"": 0, ""missed_mandatory"": 7, ""exclusion_violations"": 0, ""reserve_violations"": 0, ""duplicate_work"": 0, ""total_energy_j"": 7530.0, ""unresolved_conflicts"": 0, ""terms"": {""completed_mandatory"": 50.0, ""anomaly_resolved"": 0.0, ""useful_reassignment"": 0.0, ""missed_mandatory"": -105.0, ""exclusion_violation"": -0.0, ""reserve_violation"": -0.0, ""duplicate_work"": -0.0, ""energy"": -0.03765, ""unresolved_conflict"": -0.0}, ""utility"": -55.03765}",paper_risk_bounded_v1_2026-09-28,utility_v2_frozen_2026-09-28,safe_useful_retention_v1_2026-09-28,b020b05fd30ba074657a54f681c4b19a3085cdb2,1
paper_ssp_200m_moderate_v1|9|target_recovers_age60|fresh_120|B4,paper_ssp_200m_moderate_v1,9,tr_777f672e9af8_gpu,target_recovers_age60,fresh_120,B4,,180.0,300.0,120.0,fresh,fresh,auv_06,auv_05,seg_05,cap_b811bcc712540ac2,True,True,True,auv_05,180.0,120.0,1,False,True,True,auv_05,True,240.0,True,ALLOW,ALLOW_AUTHORIZED,PARTITIONED,continuous,False,False,reassign_not_recovery,1,1,0,1,0,1,0,0,1,0,-55.01165,-55.01165,-55.03705,0.0,0,0.0,0,0,0,0,7,6675.0,100.19200000000001,735.0,0,0,0,5,"{""freeze_id"": ""utility_v2_frozen_2026-09-28"", ""completed_mandatory"": 5, ""anomalies_resolved"": 0, ""useful_reassignments"": 0, ""missed_mandatory"": 7, ""exclusion_violations"": 0, ""reserve_violations"": 0, ""duplicate_work"": 0, ""total_energy_j"": 7410.0, ""unresolved_conflicts"": 0, ""terms"": {""completed_mandatory"": 50.0, ""anomaly_resolved"": 0.0, ""useful_reassignment"": 0.0, ""missed_mandatory"": -105.0, ""exclusion_violation"": -0.0, ""reserve_violation"": -0.0, ""duplicate_work"": -0.0, ""energy"": -0.03705, ""unresolved_conflict"": -0.0}, ""utility"": -55.03705}",paper_risk_bounded_v1_2026-09-28,utility_v2_frozen_2026-09-28,safe_useful_retention_v1_2026-09-28,b020b05fd30ba074657a54f681c4b19a3085cdb2,1
paper_ssp_200m_moderate_v1|9|target_recovers_age60|fresh_120|B4-NoFreshness,paper_ssp_200m_moderate_v1,9,tr_777f672e9af8_gpu,target_recovers_age60,fresh_120,B4-NoFreshness,b4_no_freshness_v1,180.0,300.0,120.0,fresh,fresh,auv_06,auv_05,seg_05,cap_5cd549ef9e5dea6e,True,True,True,auv_05,180.0,120.0,1,False,True,True,auv_05,True,240.0,True,ALLOW,ALLOW_AUTHORIZED,PARTITIONED,disabled,False,False,reassign_not_recovery,1,1,0,1,0,1,0,0,1,0,-55.01165,-55.01165,-55.03765,0.0,0,0.0,0,0,0,0,7,6795.0,100.19200000000001,735.0,0,0,0,5,"{""freeze_id"": ""utility_v2_frozen_2026-09-28"", ""completed_mandatory"": 5, ""anomalies_resolved"": 0, ""useful_reassignments"": 0, ""missed_mandatory"": 7, ""exclusion_violations"": 0, ""reserve_violations"": 0, ""duplicate_work"": 0, ""total_energy_j"": 7530.0, ""unresolved_conflicts"": 0, ""terms"": {""completed_mandatory"": 50.0, ""anomaly_resolved"": 0.0, ""useful_reassignment"": 0.0, ""missed_mandatory"": -105.0, ""exclusion_violation"": -0.0, ""reserve_violation"": -0.0, ""duplicate_work"": -0.0, ""energy"": -0.03765, ""unresolved_conflict"": -0.0}, ""utility"": -55.03765}",paper_risk_bounded_v1_2026-09-28,utility_v2_frozen_2026-09-28,safe_useful_retention_v1_2026-09-28,b020b05fd30ba074657a54f681c4b19a3085cdb2,1
paper_ssp_200m_strong_v1|0|target_recovers_age60|fresh_120|B4,paper_ssp_200m_strong_v1,0,tr_41578464d64c_gpu,target_recovers_age60,fresh_120,B4,,180.0,300.0,120.0,fresh,fresh,auv_06,auv_05,seg_05,cap_b211506188671171,True,True,True,auv_05,180.0,120.0,1,False,True,True,auv_05,True,240.0,True,ALLOW,ALLOW_AUTHORIZED,PARTITIONED,continuous,False,False,reassign_not_recovery,1,1,0,1,0,1,0,0,1,0,-55.01165,-55.01165,-55.02545,0.0,0,0.0,0,0,0,0,7,4355.0,67.2,735.0,0,0,0,5,"{""freeze_id"": ""utility_v2_frozen_2026-09-28"", ""completed_mandatory"": 5, ""anomalies_resolved"": 0, ""useful_reassignments"": 0, ""missed_mandatory"": 7, ""exclusion_violations"": 0, ""reserve_violations"": 0, ""duplicate_work"": 0, ""total_energy_j"": 5090.0, ""unresolved_conflicts"": 0, ""terms"": {""completed_mandatory"": 50.0, ""anomaly_resolved"": 0.0, ""useful_reassignment"": 0.0, ""missed_mandatory"": -105.0, ""exclusion_violation"": -0.0, ""reserve_violation"": -0.0, ""duplicate_work"": -0.0, ""energy"": -0.02545, ""unresolved_conflict"": -0.0}, ""utility"": -55.02545}",paper_risk_bounded_v1_2026-09-28,utility_v2_frozen_2026-09-28,safe_useful_retention_v1_2026-09-28,b020b05fd30ba074657a54f681c4b19a3085cdb2,1
paper_ssp_200m_strong_v1|0|target_recovers_age60|fresh_120|B4-NoFreshness,paper_ssp_200m_strong_v1,0,tr_41578464d64c_gpu,target_recovers_age60,fresh_120,B4-NoFreshness,b4_no_freshness_v1,180.0,300.0,120.0,fresh,fresh,auv_06,auv_05,seg_05,cap_3165d59c899434fc,True,True,True,auv_05,180.0,120.0,1,False,True,True,auv_05,True,240.0,True,ALLOW,ALLOW_AUTHORIZED,PARTITIONED,disabled,False,False,reassign_not_recovery,1,1,0,1,0,1,0,0,1,0,-55.01165,-55.01165,-55.03735,0.0,0,0.0,0,0,0,0,7,6735.0,67.2,735.0,0,0,0,5,"{""freeze_id"": ""utility_v2_frozen_2026-09-28"", ""completed_mandatory"": 5, ""anomalies_resolved"": 0, ""useful_reassignments"": 0, ""missed_mandatory"": 7, ""exclusion_violations"": 0, ""reserve_violations"": 0, ""duplicate_work"": 0, ""total_energy_j"": 7470.0, ""unresolved_conflicts"": 0, ""terms"": {""completed_mandatory"": 50.0, ""anomaly_resolved"": 0.0, ""useful_reassignment"": 0.0, ""missed_mandatory"": -105.0, ""exclusion_violation"": -0.0, ""reserve_violation"": -0.0, ""duplicate_work"": -0.0, ""energy"": -0.03735, ""unresolved_conflict"": -0.0}, ""utility"": -55.03735}",paper_risk_bounded_v1_2026-09-28,utility_v2_frozen_2026-09-28,safe_useful_retention_v1_2026-09-28,b020b05fd30ba074657a54f681c4b19a3085cdb2,1
paper_ssp_200m_strong_v1|1|target_recovers_age60|fresh_120|B4,paper_ssp_200m_strong_v1,1,tr_6c0fce5b4aa8_gpu,target_recovers_age60,fresh_120,B4,,180.0,300.0,120.0,fresh,fresh,auv_06,auv_05,seg_05,cap_82ecdf5aea50eeca,True,True,True,auv_05,180.0,120.0,1,False,True,True,auv_05,True,240.0,True,ALLOW,ALLOW_AUTHORIZED,PARTITIONED,continuous,False,False,reassign_not_recovery,1,1,0,1,0,1,0,0,1,0,-55.01165,-55.01165,-55.03705,0.0,0,0.0,0,0,0,0,7,6675.0,96.272,735.0,0,0,0,5,"{""freeze_id"": ""utility_v2_frozen_2026-09-28"", ""completed_mandatory"": 5, ""anomalies_resolved"": 0, ""useful_reassignments"": 0, ""missed_mandatory"": 7, ""exclusion_violations"": 0, ""reserve_violations"": 0, ""duplicate_work"": 0, ""total_energy_j"": 7410.0, ""unresolved_conflicts"": 0, ""terms"": {""completed_mandatory"": 50.0, ""anomaly_resolved"": 0.0, ""useful_reassignment"": 0.0, ""missed_mandatory"": -105.0, ""exclusion_violation"": -0.0, ""reserve_violation"": -0.0, ""duplicate_work"": -0.0, ""energy"": -0.03705, ""unresolved_conflict"": -0.0}, ""utility"": -55.03705}",paper_risk_bounded_v1_2026-09-28,utility_v2_frozen_2026-09-28,safe_useful_retention_v1_2026-09-28,b020b05fd30ba074657a54f681c4b19a3085cdb2,1
paper_ssp_200m_strong_v1|1|target_recovers_age60|fresh_120|B4-NoFreshness,paper_ssp_200m_strong_v1,1,tr_6c0fce5b4aa8_gpu,target_recovers_age60,fresh_120,B4-NoFreshness,b4_no_freshness_v1,180.0,300.0,120.0,fresh,fresh,auv_06,auv_05,seg_05,cap_cb3cb3269e69bbc6,True,True,True,auv_05,180.0,120.0,1,False,True,True,auv_05,True,240.0,True,ALLOW,ALLOW_AUTHORIZED,PARTITIONED,disabled,False,False,reassign_not_recovery,1,1,0,1,0,1,0,0,1,0,-55.01165,-55.01165,-55.03765,0.0,0,0.0,0,0,0,0,7,6795.0,96.272,735.0,0,0,0,5,"{""freeze_id"": ""utility_v2_frozen_2026-09-28"", ""completed_mandatory"": 5, ""anomalies_resolved"": 0, ""useful_reassignments"": 0, ""missed_mandatory"": 7, ""exclusion_violations"": 0, ""reserve_violations"": 0, ""duplicate_work"": 0, ""total_energy_j"": 7530.0, ""unresolved_conflicts"": 0, ""terms"": {""completed_mandatory"": 50.0, ""anomaly_resolved"": 0.0, ""useful_reassignment"": 0.0, ""missed_mandatory"": -105.0, ""exclusion_violation"": -0.0, ""reserve_violation"": -0.0, ""duplicate_work"": -0.0, ""energy"": -0.03765, ""unresolved_conflict"": -0.0}, ""utility"": -55.03765}",paper_risk_bounded_v1_2026-09-28,utility_v2_frozen_2026-09-28,safe_useful_retention_v1_2026-09-28,b020b05fd30ba074657a54f681c4b19a3085cdb2,1
paper_ssp_200m_strong_v1|2|target_recovers_age60|fresh_120|B4,paper_ssp_200m_strong_v1,2,tr_e18b2f198ce8_gpu,target_recovers_age60,fresh_120,B4,,180.0,300.0,120.0,fresh,fresh,auv_06,auv_05,seg_05,cap_a3274df73dae1eb9,True,True,True,auv_05,180.0,120.0,1,False,True,True,auv_05,True,240.0,True,ALLOW,ALLOW_AUTHORIZED,PARTITIONED,continuous,False,False,reassign_not_recovery,1,1,0,1,0,1,0,0,1,0,-55.01165,-55.01165,-55.03705,0.0,0,0.0,0,0,0,0,7,6675.0,96.656,735.0,0,0,0,5,"{""freeze_id"": ""utility_v2_frozen_2026-09-28"", ""completed_mandatory"": 5, ""anomalies_resolved"": 0, ""useful_reassignments"": 0, ""missed_mandatory"": 7, ""exclusion_violations"": 0, ""reserve_violations"": 0, ""duplicate_work"": 0, ""total_energy_j"": 7410.0, ""unresolved_conflicts"": 0, ""terms"": {""completed_mandatory"": 50.0, ""anomaly_resolved"": 0.0, ""useful_reassignment"": 0.0, ""missed_mandatory"": -105.0, ""exclusion_violation"": -0.0, ""reserve_violation"": -0.0, ""duplicate_work"": -0.0, ""energy"": -0.03705, ""unresolved_conflict"": -0.0}, ""utility"": -55.03705}",paper_risk_bounded_v1_2026-09-28,utility_v2_frozen_2026-09-28,safe_useful_retention_v1_2026-09-28,b020b05fd30ba074657a54f681c4b19a3085cdb2,1
paper_ssp_200m_strong_v1|2|target_recovers_age60|fresh_120|B4-NoFreshness,paper_ssp_200m_strong_v1,2,tr_e18b2f198ce8_gpu,target_recovers_age60,fresh_120,B4-NoFreshness,b4_no_freshness_v1,180.0,300.0,120.0,fresh,fresh,auv_06,auv_05,seg_05,cap_94985eb8a46fb204,True,True,True,auv_05,180.0,120.0,1,False,True,True,auv_05,True,240.0,True,ALLOW,ALLOW_AUTHORIZED,PARTITIONED,disabled,False,False,reassign_not_recovery,1,1,0,1,0,1,0,0,1,0,-55.01165,-55.01165,-55.03765,0.0,0,0.0,0,0,0,0,7,6795.0,96.656,735.0,0,0,0,5,"{""freeze_id"": ""utility_v2_frozen_2026-09-28"", ""completed_mandatory"": 5, ""anomalies_resolved"": 0, ""useful_reassignments"": 0, ""missed_mandatory"": 7, ""exclusion_violations"": 0, ""reserve_violations"": 0, ""duplicate_work"": 0, ""total_energy_j"": 7530.0, ""unresolved_conflicts"": 0, ""terms"": {""completed_mandatory"": 50.0, ""anomaly_resolved"": 0.0, ""useful_reassignment"": 0.0, ""missed_mandatory"": -105.0, ""exclusion_violation"": -0.0, ""reserve_violation"": -0.0, ""duplicate_work"": -0.0, ""energy"": -0.03765, ""unresolved_conflict"": -0.0}, ""utility"": -55.03765}",paper_risk_bounded_v1_2026-09-28,utility_v2_frozen_2026-09-28,safe_useful_retention_v1_2026-09-28,b020b05fd30ba074657a54f681c4b19a3085cdb2,1
paper_ssp_200m_strong_v1|3|target_recovers_age60|fresh_120|B4,paper_ssp_200m_strong_v1,3,tr_90c59e32088b_gpu,target_recovers_age60,fresh_120,B4,,180.0,300.0,120.0,fresh,fresh,auv_06,auv_05,seg_05,cap_8ef4ef85ebe601af,True,True,True,auv_05,180.0,120.0,1,False,True,True,auv_05,True,240.0,True,ALLOW,ALLOW_AUTHORIZED,PARTITIONED,continuous,False,False,reassign_not_recovery,1,1,0,1,0,1,0,0,1,0,-55.01165,-55.01165,-55.03705,0.0,0,0.0,0,0,0,0,7,6675.0,96.784,735.0,0,0,0,5,"{""freeze_id"": ""utility_v2_frozen_2026-09-28"", ""completed_mandatory"": 5, ""anomalies_resolved"": 0, ""useful_reassignments"": 0, ""missed_mandatory"": 7, ""exclusion_violations"": 0, ""reserve_violations"": 0, ""duplicate_work"": 0, ""total_energy_j"": 7410.0, ""unresolved_conflicts"": 0, ""terms"": {""completed_mandatory"": 50.0, ""anomaly_resolved"": 0.0, ""useful_reassignment"": 0.0, ""missed_mandatory"": -105.0, ""exclusion_violation"": -0.0, ""reserve_violation"": -0.0, ""duplicate_work"": -0.0, ""energy"": -0.03705, ""unresolved_conflict"": -0.0}, ""utility"": -55.03705}",paper_risk_bounded_v1_2026-09-28,utility_v2_frozen_2026-09-28,safe_useful_retention_v1_2026-09-28,b020b05fd30ba074657a54f681c4b19a3085cdb2,1
paper_ssp_200m_strong_v1|3|target_recovers_age60|fresh_120|B4-NoFreshness,paper_ssp_200m_strong_v1,3,tr_90c59e32088b_gpu,target_recovers_age60,fresh_120,B4-NoFreshness,b4_no_freshness_v1,180.0,300.0,120.0,fresh,fresh,auv_06,auv_05,seg_05,cap_0bc7a313d4aec030,True,True,True,auv_05,180.0,120.0,1,False,True,True,auv_05,True,240.0,True,ALLOW,ALLOW_AUTHORIZED,PARTITIONED,disabled,False,False,reassign_not_recovery,1,1,0,1,0,1,0,0,1,0,-55.01165,-55.01165,-55.03765,0.0,0,0.0,0,0,0,0,7,6795.0,96.784,735.0,0,0,0,5,"{""freeze_id"": ""utility_v2_frozen_2026-09-28"", ""completed_mandatory"": 5, ""anomalies_resolved"": 0, ""useful_reassignments"": 0, ""missed_mandatory"": 7, ""exclusion_violations"": 0, ""reserve_violations"": 0, ""duplicate_work"": 0, ""total_energy_j"": 7530.0, ""unresolved_conflicts"": 0, ""terms"": {""completed_mandatory"": 50.0, ""anomaly_resolved"": 0.0, ""useful_reassignment"": 0.0, ""missed_mandatory"": -105.0, ""exclusion_violation"": -0.0, ""reserve_violation"": -0.0, ""duplicate_work"": -0.0, ""energy"": -0.03765, ""unresolved_conflict"": -0.0}, ""utility"": -55.03765}",paper_risk_bounded_v1_2026-09-28,utility_v2_frozen_2026-09-28,safe_useful_retention_v1_2026-09-28,b020b05fd30ba074657a54f681c4b19a3085cdb2,1
paper_ssp_200m_strong_v1|4|target_recovers_age60|fresh_120|B4,paper_ssp_200m_strong_v1,4,tr_d1ea9e6ed537_gpu,target_recovers_age60,fresh_120,B4,,180.0,300.0,120.0,fresh,fresh,auv_06,auv_05,seg_05,cap_c6ef3cb751707f35,True,True,True,auv_05,180.0,120.0,1,False,True,True,auv_05,True,240.0,True,ALLOW,ALLOW_AUTHORIZED,PARTITIONED,continuous,False,False,reassign_not_recovery,1,1,0,1,0,1,0,0,1,0,-55.01165,-55.01165,-55.03705,0.0,0,0.0,0,0,0,0,7,6675.0,94.352,735.0,0,0,0,5,"{""freeze_id"": ""utility_v2_frozen_2026-09-28"", ""completed_mandatory"": 5, ""anomalies_resolved"": 0, ""useful_reassignments"": 0, ""missed_mandatory"": 7, ""exclusion_violations"": 0, ""reserve_violations"": 0, ""duplicate_work"": 0, ""total_energy_j"": 7410.0, ""unresolved_conflicts"": 0, ""terms"": {""completed_mandatory"": 50.0, ""anomaly_resolved"": 0.0, ""useful_reassignment"": 0.0, ""missed_mandatory"": -105.0, ""exclusion_violation"": -0.0, ""reserve_violation"": -0.0, ""duplicate_work"": -0.0, ""energy"": -0.03705, ""unresolved_conflict"": -0.0}, ""utility"": -55.03705}",paper_risk_bounded_v1_2026-09-28,utility_v2_frozen_2026-09-28,safe_useful_retention_v1_2026-09-28,b020b05fd30ba074657a54f681c4b19a3085cdb2,1
paper_ssp_200m_strong_v1|4|target_recovers_age60|fresh_120|B4-NoFreshness,paper_ssp_200m_strong_v1,4,tr_d1ea9e6ed537_gpu,target_recovers_age60,fresh_120,B4-NoFreshness,b4_no_freshness_v1,180.0,300.0,120.0,fresh,fresh,auv_06,auv_05,seg_05,cap_74912c92f9d187e8,True,True,True,auv_05,180.0,120.0,1,False,True,True,auv_05,True,240.0,True,ALLOW,ALLOW_AUTHORIZED,PARTITIONED,disabled,False,False,reassign_not_recovery,1,1,0,1,0,1,0,0,1,0,-55.01165,-55.01165,-55.03765,0.0,0,0.0,0,0,0,0,7,6795.0,94.352,735.0,0,0,0,5,"{""freeze_id"": ""utility_v2_frozen_2026-09-28"", ""completed_mandatory"": 5, ""anomalies_resolved"": 0, ""useful_reassignments"": 0, ""missed_mandatory"": 7, ""exclusion_violations"": 0, ""reserve_violations"": 0, ""duplicate_work"": 0, ""total_energy_j"": 7530.0, ""unresolved_conflicts"": 0, ""terms"": {""completed_mandatory"": 50.0, ""anomaly_resolved"": 0.0, ""useful_reassignment"": 0.0, ""missed_mandatory"": -105.0, ""exclusion_violation"": -0.0, ""reserve_violation"": -0.0, ""duplicate_work"": -0.0, ""energy"": -0.03765, ""unresolved_conflict"": -0.0}, ""utility"": -55.03765}",paper_risk_bounded_v1_2026-09-28,utility_v2_frozen_2026-09-28,safe_useful_retention_v1_2026-09-28,b020b05fd30ba074657a54f681c4b19a3085cdb2,1
paper_ssp_200m_strong_v1|5|target_recovers_age60|fresh_120|B4,paper_ssp_200m_strong_v1,5,tr_656c2a3d7e5e_gpu,target_recovers_age60,fresh_120,B4,,180.0,300.0,120.0,fresh,fresh,auv_06,auv_05,seg_05,cap_67132dd41bbe1e7e,True,True,True,auv_05,180.0,120.0,1,False,True,True,auv_05,True,240.0,True,ALLOW,ALLOW_AUTHORIZED,PARTITIONED,continuous,False,False,reassign_not_recovery,1,1,0,1,0,1,0,0,1,0,-55.01165,-55.01165,-55.03705,0.0,0,0.0,0,0,0,0,7,6675.0,104.16,735.0,0,0,0,5,"{""freeze_id"": ""utility_v2_frozen_2026-09-28"", ""completed_mandatory"": 5, ""anomalies_resolved"": 0, ""useful_reassignments"": 0, ""missed_mandatory"": 7, ""exclusion_violations"": 0, ""reserve_violations"": 0, ""duplicate_work"": 0, ""total_energy_j"": 7410.0, ""unresolved_conflicts"": 0, ""terms"": {""completed_mandatory"": 50.0, ""anomaly_resolved"": 0.0, ""useful_reassignment"": 0.0, ""missed_mandatory"": -105.0, ""exclusion_violation"": -0.0, ""reserve_violation"": -0.0, ""duplicate_work"": -0.0, ""energy"": -0.03705, ""unresolved_conflict"": -0.0}, ""utility"": -55.03705}",paper_risk_bounded_v1_2026-09-28,utility_v2_frozen_2026-09-28,safe_useful_retention_v1_2026-09-28,b020b05fd30ba074657a54f681c4b19a3085cdb2,1
paper_ssp_200m_strong_v1|5|target_recovers_age60|fresh_120|B4-NoFreshness,paper_ssp_200m_strong_v1,5,tr_656c2a3d7e5e_gpu,target_recovers_age60,fresh_120,B4-NoFreshness,b4_no_freshness_v1,180.0,300.0,120.0,fresh,fresh,auv_06,auv_05,seg_05,cap_a3274df73dae1eb9,True,True,True,auv_05,180.0,120.0,1,False,True,True,auv_05,True,240.0,True,ALLOW,ALLOW_AUTHORIZED,PARTITIONED,disabled,False,False,reassign_not_recovery,1,1,0,1,0,1,0,0,1,0,-55.01165,-55.01165,-55.03765,0.0,0,0.0,0,0,0,0,7,6795.0,104.16,735.0,0,0,0,5,"{""freeze_id"": ""utility_v2_frozen_2026-09-28"", ""completed_mandatory"": 5, ""anomalies_resolved"": 0, ""useful_reassignments"": 0, ""missed_mandatory"": 7, ""exclusion_violations"": 0, ""reserve_violations"": 0, ""duplicate_work"": 0, ""total_energy_j"": 7530.0, ""unresolved_conflicts"": 0, ""terms"": {""completed_mandatory"": 50.0, ""anomaly_resolved"": 0.0, ""useful_reassignment"": 0.0, ""missed_mandatory"": -105.0, ""exclusion_violation"": -0.0, ""reserve_violation"": -0.0, ""duplicate_work"": -0.0, ""energy"": -0.03765, ""unresolved_conflict"": -0.0}, ""utility"": -55.03765}",paper_risk_bounded_v1_2026-09-28,utility_v2_frozen_2026-09-28,safe_useful_retention_v1_2026-09-28,b020b05fd30ba074657a54f681c4b19a3085cdb2,1
paper_ssp_200m_strong_v1|6|target_recovers_age60|fresh_120|B4,paper_ssp_200m_strong_v1,6,tr_59abcdc50842_gpu,target_recovers_age60,fresh_120,B4,,180.0,300.0,120.0,fresh,fresh,auv_06,auv_05,seg_05,cap_67132dd41bbe1e7e,True,True,True,auv_05,180.0,120.0,1,False,True,True,auv_05,True,240.0,True,ALLOW,ALLOW_AUTHORIZED,PARTITIONED,continuous,False,False,reassign_not_recovery,1,1,0,1,0,1,0,0,1,0,-55.01165,-55.01165,-55.03705,0.0,0,0.0,0,0,0,0,7,6675.0,95.888,735.0,0,0,0,5,"{""freeze_id"": ""utility_v2_frozen_2026-09-28"", ""completed_mandatory"": 5, ""anomalies_resolved"": 0, ""useful_reassignments"": 0, ""missed_mandatory"": 7, ""exclusion_violations"": 0, ""reserve_violations"": 0, ""duplicate_work"": 0, ""total_energy_j"": 7410.0, ""unresolved_conflicts"": 0, ""terms"": {""completed_mandatory"": 50.0, ""anomaly_resolved"": 0.0, ""useful_reassignment"": 0.0, ""missed_mandatory"": -105.0, ""exclusion_violation"": -0.0, ""reserve_violation"": -0.0, ""duplicate_work"": -0.0, ""energy"": -0.03705, ""unresolved_conflict"": -0.0}, ""utility"": -55.03705}",paper_risk_bounded_v1_2026-09-28,utility_v2_frozen_2026-09-28,safe_useful_retention_v1_2026-09-28,b020b05fd30ba074657a54f681c4b19a3085cdb2,1
paper_ssp_200m_strong_v1|6|target_recovers_age60|fresh_120|B4-NoFreshness,paper_ssp_200m_strong_v1,6,tr_59abcdc50842_gpu,target_recovers_age60,fresh_120,B4-NoFreshness,b4_no_freshness_v1,180.0,300.0,120.0,fresh,fresh,auv_06,auv_05,seg_05,cap_01e93732a27aa1d2,True,True,True,auv_05,180.0,120.0,1,False,True,True,auv_05,True,240.0,True,ALLOW,ALLOW_AUTHORIZED,PARTITIONED,disabled,False,False,reassign_not_recovery,1,1,0,1,0,1,0,0,1,0,-55.01165,-55.01165,-55.03765,0.0,0,0.0,0,0,0,0,7,6795.0,95.888,735.0,0,0,0,5,"{""freeze_id"": ""utility_v2_frozen_2026-09-28"", ""completed_mandatory"": 5, ""anomalies_resolved"": 0, ""useful_reassignments"": 0, ""missed_mandatory"": 7, ""exclusion_violations"": 0, ""reserve_violations"": 0, ""duplicate_work"": 0, ""total_energy_j"": 7530.0, ""unresolved_conflicts"": 0, ""terms"": {""completed_mandatory"": 50.0, ""anomaly_resolved"": 0.0, ""useful_reassignment"": 0.0, ""missed_mandatory"": -105.0, ""exclusion_violation"": -0.0, ""reserve_violation"": -0.0, ""duplicate_work"": -0.0, ""energy"": -0.03765, ""unresolved_conflict"": -0.0}, ""utility"": -55.03765}",paper_risk_bounded_v1_2026-09-28,utility_v2_frozen_2026-09-28,safe_useful_retention_v1_2026-09-28,b020b05fd30ba074657a54f681c4b19a3085cdb2,1
paper_ssp_200m_strong_v1|7|target_recovers_age60|fresh_120|B4,paper_ssp_200m_strong_v1,7,tr_4e1f28b2f305_gpu,target_recovers_age60,fresh_120,B4,,180.0,300.0,120.0,fresh,fresh,auv_06,auv_05,seg_05,cap_51c22ca6ea6713f7,True,True,True,auv_05,180.0,120.0,1,False,True,True,auv_05,True,240.0,True,ALLOW,ALLOW_AUTHORIZED,PARTITIONED,continuous,False,False,reassign_not_recovery,1,1,0,1,0,1,0,0,1,0,-55.01165,-55.01165,-55.03705,0.0,0,0.0,0,0,0,0,7,6675.0,95.504,735.0,0,0,0,5,"{""freeze_id"": ""utility_v2_frozen_2026-09-28"", ""completed_mandatory"": 5, ""anomalies_resolved"": 0, ""useful_reassignments"": 0, ""missed_mandatory"": 7, ""exclusion_violations"": 0, ""reserve_violations"": 0, ""duplicate_work"": 0, ""total_energy_j"": 7410.0, ""unresolved_conflicts"": 0, ""terms"": {""completed_mandatory"": 50.0, ""anomaly_resolved"": 0.0, ""useful_reassignment"": 0.0, ""missed_mandatory"": -105.0, ""exclusion_violation"": -0.0, ""reserve_violation"": -0.0, ""duplicate_work"": -0.0, ""energy"": -0.03705, ""unresolved_conflict"": -0.0}, ""utility"": -55.03705}",paper_risk_bounded_v1_2026-09-28,utility_v2_frozen_2026-09-28,safe_useful_retention_v1_2026-09-28,b020b05fd30ba074657a54f681c4b19a3085cdb2,1
paper_ssp_200m_strong_v1|7|target_recovers_age60|fresh_120|B4-NoFreshness,paper_ssp_200m_strong_v1,7,tr_4e1f28b2f305_gpu,target_recovers_age60,fresh_120,B4-NoFreshness,b4_no_freshness_v1,180.0,300.0,120.0,fresh,fresh,auv_06,auv_05,seg_05,cap_de9974444533d988,True,True,True,auv_05,180.0,120.0,1,False,True,True,auv_05,True,240.0,True,ALLOW,ALLOW_AUTHORIZED,PARTITIONED,disabled,False,False,reassign_not_recovery,1,1,0,1,0,1,0,0,1,0,-55.01165,-55.01165,-55.03765,0.0,0,0.0,0,0,0,0,7,6795.0,95.504,735.0,0,0,0,5,"{""freeze_id"": ""utility_v2_frozen_2026-09-28"", ""completed_mandatory"": 5, ""anomalies_resolved"": 0, ""useful_reassignments"": 0, ""missed_mandatory"": 7, ""exclusion_violations"": 0, ""reserve_violations"": 0, ""duplicate_work"": 0, ""total_energy_j"": 7530.0, ""unresolved_conflicts"": 0, ""terms"": {""completed_mandatory"": 50.0, ""anomaly_resolved"": 0.0, ""useful_reassignment"": 0.0, ""missed_mandatory"": -105.0, ""exclusion_violation"": -0.0, ""reserve_violation"": -0.0, ""duplicate_work"": -0.0, ""energy"": -0.03765, ""unresolved_conflict"": -0.0}, ""utility"": -55.03765}",paper_risk_bounded_v1_2026-09-28,utility_v2_frozen_2026-09-28,safe_useful_retention_v1_2026-09-28,b020b05fd30ba074657a54f681c4b19a3085cdb2,1
paper_ssp_200m_strong_v1|8|target_recovers_age60|fresh_120|B4,paper_ssp_200m_strong_v1,8,tr_cdd5f1950a3c_gpu,target_recovers_age60,fresh_120,B4,,180.0,300.0,120.0,fresh,fresh,auv_06,auv_05,seg_05,cap_51c22ca6ea6713f7,True,True,True,auv_05,180.0,120.0,1,False,True,True,auv_05,True,240.0,True,ALLOW,ALLOW_AUTHORIZED,PARTITIONED,continuous,False,False,reassign_not_recovery,1,1,0,1,0,1,0,0,1,0,-55.01165,-55.01165,-55.02545,0.0,0,0.0,0,0,0,0,7,4355.0,67.2,735.0,0,0,0,5,"{""freeze_id"": ""utility_v2_frozen_2026-09-28"", ""completed_mandatory"": 5, ""anomalies_resolved"": 0, ""useful_reassignments"": 0, ""missed_mandatory"": 7, ""exclusion_violations"": 0, ""reserve_violations"": 0, ""duplicate_work"": 0, ""total_energy_j"": 5090.0, ""unresolved_conflicts"": 0, ""terms"": {""completed_mandatory"": 50.0, ""anomaly_resolved"": 0.0, ""useful_reassignment"": 0.0, ""missed_mandatory"": -105.0, ""exclusion_violation"": -0.0, ""reserve_violation"": -0.0, ""duplicate_work"": -0.0, ""energy"": -0.02545, ""unresolved_conflict"": -0.0}, ""utility"": -55.02545}",paper_risk_bounded_v1_2026-09-28,utility_v2_frozen_2026-09-28,safe_useful_retention_v1_2026-09-28,b020b05fd30ba074657a54f681c4b19a3085cdb2,1
paper_ssp_200m_strong_v1|8|target_recovers_age60|fresh_120|B4-NoFreshness,paper_ssp_200m_strong_v1,8,tr_cdd5f1950a3c_gpu,target_recovers_age60,fresh_120,B4-NoFreshness,b4_no_freshness_v1,180.0,300.0,120.0,fresh,fresh,auv_06,auv_05,seg_05,cap_f9154c256b9195f6,True,True,True,auv_05,180.0,120.0,1,False,True,True,auv_05,True,240.0,True,ALLOW,ALLOW_AUTHORIZED,PARTITIONED,disabled,False,False,reassign_not_recovery,1,1,0,1,0,1,0,0,1,0,-55.01165,-55.01165,-55.03735,0.0,0,0.0,0,0,0,0,7,6735.0,67.2,735.0,0,0,0,5,"{""freeze_id"": ""utility_v2_frozen_2026-09-28"", ""completed_mandatory"": 5, ""anomalies_resolved"": 0, ""useful_reassignments"": 0, ""missed_mandatory"": 7, ""exclusion_violations"": 0, ""reserve_violations"": 0, ""duplicate_work"": 0, ""total_energy_j"": 7470.0, ""unresolved_conflicts"": 0, ""terms"": {""completed_mandatory"": 50.0, ""anomaly_resolved"": 0.0, ""useful_reassignment"": 0.0, ""missed_mandatory"": -105.0, ""exclusion_violation"": -0.0, ""reserve_violation"": -0.0, ""duplicate_work"": -0.0, ""energy"": -0.03735, ""unresolved_conflict"": -0.0}, ""utility"": -55.03735}",paper_risk_bounded_v1_2026-09-28,utility_v2_frozen_2026-09-28,safe_useful_retention_v1_2026-09-28,b020b05fd30ba074657a54f681c4b19a3085cdb2,1
paper_ssp_200m_strong_v1|9|target_recovers_age60|fresh_120|B4,paper_ssp_200m_strong_v1,9,tr_b3e3101c8c2a_gpu,target_recovers_age60,fresh_120,B4,,180.0,300.0,120.0,fresh,fresh,auv_06,auv_05,seg_05,cap_3ded7a3af6ff8de0,True,True,True,auv_05,180.0,120.0,1,False,True,True,auv_05,True,240.0,True,ALLOW,ALLOW_AUTHORIZED,PARTITIONED,continuous,False,False,reassign_not_recovery,1,1,0,1,0,1,0,0,1,0,-55.01165,-55.01165,-55.03705,0.0,0,0.0,0,0,0,0,7,6675.0,94.096,735.0,0,0,0,5,"{""freeze_id"": ""utility_v2_frozen_2026-09-28"", ""completed_mandatory"": 5, ""anomalies_resolved"": 0, ""useful_reassignments"": 0, ""missed_mandatory"": 7, ""exclusion_violations"": 0, ""reserve_violations"": 0, ""duplicate_work"": 0, ""total_energy_j"": 7410.0, ""unresolved_conflicts"": 0, ""terms"": {""completed_mandatory"": 50.0, ""anomaly_resolved"": 0.0, ""useful_reassignment"": 0.0, ""missed_mandatory"": -105.0, ""exclusion_violation"": -0.0, ""reserve_violation"": -0.0, ""duplicate_work"": -0.0, ""energy"": -0.03705, ""unresolved_conflict"": -0.0}, ""utility"": -55.03705}",paper_risk_bounded_v1_2026-09-28,utility_v2_frozen_2026-09-28,safe_useful_retention_v1_2026-09-28,b020b05fd30ba074657a54f681c4b19a3085cdb2,1
paper_ssp_200m_strong_v1|9|target_recovers_age60|fresh_120|B4-NoFreshness,paper_ssp_200m_strong_v1,9,tr_b3e3101c8c2a_gpu,target_recovers_age60,fresh_120,B4-NoFreshness,b4_no_freshness_v1,180.0,300.0,120.0,fresh,fresh,auv_06,auv_05,seg_05,cap_c67edbaa4ad473cd,True,True,True,auv_05,180.0,120.0,1,False,True,True,auv_05,True,240.0,True,ALLOW,ALLOW_AUTHORIZED,PARTITIONED,disabled,False,False,reassign_not_recovery,1,1,0,1,0,1,0,0,1,0,-55.01165,-55.01165,-55.03765,0.0,0,0.0,0,0,0,0,7,6795.0,94.096,735.0,0,0,0,5,"{""freeze_id"": ""utility_v2_frozen_2026-09-28"", ""completed_mandatory"": 5, ""anomalies_resolved"": 0, ""useful_reassignments"": 0, ""missed_mandatory"": 7, ""exclusion_violations"": 0, ""reserve_violations"": 0, ""duplicate_work"": 0, ""total_energy_j"": 7530.0, ""unresolved_conflicts"": 0, ""terms"": {""completed_mandatory"": 50.0, ""anomaly_resolved"": 0.0, ""useful_reassignment"": 0.0, ""missed_mandatory"": -105.0, ""exclusion_violation"": -0.0, ""reserve_violation"": -0.0, ""duplicate_work"": -0.0, ""energy"": -0.03765, ""unresolved_conflict"": -0.0}, ""utility"": -55.03765}",paper_risk_bounded_v1_2026-09-28,utility_v2_frozen_2026-09-28,safe_useful_retention_v1_2026-09-28,b020b05fd30ba074657a54f681c4b19a3085cdb2,1
