git_commit,config_hash,policy_version,utility_freeze_id,safe_useful_retention_freeze_id,ablation_variant,environment_id,seed,outage,outage_duration_s,baseline,trace_id,mission_utility,hard_safety_violation_rate,safe_useful_retention,semantic_conflicts_per_mission,contradictory_reassignment,duplicate_work_count,useful_reassignment_count,missed_mandatory,reassign_proposed,reassign_allow,reassign_deny,reassign_defer,deny_conditional_unmet,deny_hard_expiry,deny_forbidden,executed_reassignment_count
b0c80b8952954b057e2294eece3ac2f79c8c32a1,cc52ca8fd8809c2c,paper_risk_bounded_v1_2026-09-28,utility_v2_frozen_2026-09-28,safe_useful_retention_v1_2026-09-28,,paper_ssp_200m_v1,0,150,150.0,B4,tr_54fb653caded_gpu,0.95355,0.0,0.8,1,1,0,1,5,5,4,1,0,1,0,326,1
b0c80b8952954b057e2294eece3ac2f79c8c32a1,cc52ca8fd8809c2c,paper_risk_bounded_v1_2026-09-28,utility_v2_frozen_2026-09-28,safe_useful_retention_v1_2026-09-28,b4_no_freshness_v1,paper_ssp_200m_v1,0,150,150.0,B4-NoFreshness,tr_54fb653caded_gpu,0.95355,0.0,0.8,1,1,0,1,5,5,4,1,0,1,0,326,1
b0c80b8952954b057e2294eece3ac2f79c8c32a1,386ba8d6fd193b4b,paper_risk_bounded_v1_2026-09-28,utility_v2_frozen_2026-09-28,safe_useful_retention_v1_2026-09-28,,paper_ssp_200m_v1,0,300,300.0,B4,tr_54fb653caded_gpu,0.95375,0.0,0.8,1,1,0,1,5,5,4,1,0,1,0,331,1
b0c80b8952954b057e2294eece3ac2f79c8c32a1,386ba8d6fd193b4b,paper_risk_bounded_v1_2026-09-28,utility_v2_frozen_2026-09-28,safe_useful_retention_v1_2026-09-28,b4_no_freshness_v1,paper_ssp_200m_v1,0,300,300.0,B4-NoFreshness,tr_54fb653caded_gpu,0.95375,0.0,0.8,1,1,0,1,5,5,4,1,0,1,0,331,1
b0c80b8952954b057e2294eece3ac2f79c8c32a1,1dc2e7c6006c3997,paper_risk_bounded_v1_2026-09-28,utility_v2_frozen_2026-09-28,safe_useful_retention_v1_2026-09-28,,paper_ssp_200m_v1,0,500,500.0,B4,tr_54fb653caded_gpu,0.95395,0.0,0.8,1,1,0,1,5,5,4,1,0,1,0,331,1
b0c80b8952954b057e2294eece3ac2f79c8c32a1,1dc2e7c6006c3997,paper_risk_bounded_v1_2026-09-28,utility_v2_frozen_2026-09-28,safe_useful_retention_v1_2026-09-28,b4_no_freshness_v1,paper_ssp_200m_v1,0,500,500.0,B4-NoFreshness,tr_54fb653caded_gpu,0.95395,0.0,0.8,1,1,0,1,5,5,4,1,0,1,0,331,1
b0c80b8952954b057e2294eece3ac2f79c8c32a1,a1698784ed39ba72,paper_risk_bounded_v1_2026-09-28,utility_v2_frozen_2026-09-28,safe_useful_retention_v1_2026-09-28,,paper_ssp_200m_v1,0,1000,1000.0,B4,tr_54fb653caded_gpu,0.9551499999999999,0.0,0.8,1,1,0,1,5,5,4,1,0,1,30,319,1
b0c80b8952954b057e2294eece3ac2f79c8c32a1,a1698784ed39ba72,paper_risk_bounded_v1_2026-09-28,utility_v2_frozen_2026-09-28,safe_useful_retention_v1_2026-09-28,b4_no_freshness_v1,paper_ssp_200m_v1,0,1000,1000.0,B4-NoFreshness,tr_54fb653caded_gpu,0.95465,0.0,0.8,1,1,0,1,5,5,4,1,0,1,0,337,1
b0c80b8952954b057e2294eece3ac2f79c8c32a1,796ae720e5a835dc,paper_risk_bounded_v1_2026-09-28,utility_v2_frozen_2026-09-28,safe_useful_retention_v1_2026-09-28,,paper_ssp_200m_v1,1,150,150.0,B4,tr_3bf719402f6c_gpu,0.95355,0.0,0.8,1,1,0,1,5,5,4,1,0,1,0,328,1
b0c80b8952954b057e2294eece3ac2f79c8c32a1,796ae720e5a835dc,paper_risk_bounded_v1_2026-09-28,utility_v2_frozen_2026-09-28,safe_useful_retention_v1_2026-09-28,b4_no_freshness_v1,paper_ssp_200m_v1,1,150,150.0,B4-NoFreshness,tr_3bf719402f6c_gpu,0.95355,0.0,0.8,1,1,0,1,5,5,4,1,0,1,0,328,1
b0c80b8952954b057e2294eece3ac2f79c8c32a1,1e7739388db3bdb5,paper_risk_bounded_v1_2026-09-28,utility_v2_frozen_2026-09-28,safe_useful_retention_v1_2026-09-28,,paper_ssp_200m_v1,1,300,300.0,B4,tr_3bf719402f6c_gpu,0.95375,0.0,0.8,1,1,0,1,5,5,4,1,0,1,0,329,1
b0c80b8952954b057e2294eece3ac2f79c8c32a1,1e7739388db3bdb5,paper_risk_bounded_v1_2026-09-28,utility_v2_frozen_2026-09-28,safe_useful_retention_v1_2026-09-28,b4_no_freshness_v1,paper_ssp_200m_v1,1,300,300.0,B4-NoFreshness,tr_3bf719402f6c_gpu,0.95375,0.0,0.8,1,1,0,1,5,5,4,1,0,1,0,329,1
b0c80b8952954b057e2294eece3ac2f79c8c32a1,c3afc380c6d22478,paper_risk_bounded_v1_2026-09-28,utility_v2_frozen_2026-09-28,safe_useful_retention_v1_2026-09-28,,paper_ssp_200m_v1,1,500,500.0,B4,tr_3bf719402f6c_gpu,0.95395,0.0,0.8,1,1,0,1,5,5,4,1,0,1,0,330,1
b0c80b8952954b057e2294eece3ac2f79c8c32a1,c3afc380c6d22478,paper_risk_bounded_v1_2026-09-28,utility_v2_frozen_2026-09-28,safe_useful_retention_v1_2026-09-28,b4_no_freshness_v1,paper_ssp_200m_v1,1,500,500.0,B4-NoFreshness,tr_3bf719402f6c_gpu,0.95395,0.0,0.8,1,1,0,1,5,5,4,1,0,1,0,330,1
b0c80b8952954b057e2294eece3ac2f79c8c32a1,fd00a9fdb6cd66d5,paper_risk_bounded_v1_2026-09-28,utility_v2_frozen_2026-09-28,safe_useful_retention_v1_2026-09-28,,paper_ssp_200m_v1,1,1000,1000.0,B4,tr_3bf719402f6c_gpu,0.9551499999999999,0.0,0.8,1,1,0,1,5,5,4,1,0,1,30,319,1
b0c80b8952954b057e2294eece3ac2f79c8c32a1,fd00a9fdb6cd66d5,paper_risk_bounded_v1_2026-09-28,utility_v2_frozen_2026-09-28,safe_useful_retention_v1_2026-09-28,b4_no_freshness_v1,paper_ssp_200m_v1,1,1000,1000.0,B4-NoFreshness,tr_3bf719402f6c_gpu,0.95465,0.0,0.8,1,1,0,1,5,5,4,1,0,1,0,337,1
b0c80b8952954b057e2294eece3ac2f79c8c32a1,2d3cec8f49020f08,paper_risk_bounded_v1_2026-09-28,utility_v2_frozen_2026-09-28,safe_useful_retention_v1_2026-09-28,,paper_ssp_200m_v1,2,150,150.0,B4,tr_0ab8a47a1225_gpu,0.95355,0.0,0.8,1,1,0,1,5,5,4,1,0,1,0,328,1
b0c80b8952954b057e2294eece3ac2f79c8c32a1,2d3cec8f49020f08,paper_risk_bounded_v1_2026-09-28,utility_v2_frozen_2026-09-28,safe_useful_retention_v1_2026-09-28,b4_no_freshness_v1,paper_ssp_200m_v1,2,150,150.0,B4-NoFreshness,tr_0ab8a47a1225_gpu,0.95355,0.0,0.8,1,1,0,1,5,5,4,1,0,1,0,328,1
b0c80b8952954b057e2294eece3ac2f79c8c32a1,3e792dde26990005,paper_risk_bounded_v1_2026-09-28,utility_v2_frozen_2026-09-28,safe_useful_retention_v1_2026-09-28,,paper_ssp_200m_v1,2,300,300.0,B4,tr_0ab8a47a1225_gpu,0.95375,0.0,0.8,1,1,0,1,5,5,4,1,0,1,0,331,1
b0c80b8952954b057e2294eece3ac2f79c8c32a1,3e792dde26990005,paper_risk_bounded_v1_2026-09-28,utility_v2_frozen_2026-09-28,safe_useful_retention_v1_2026-09-28,b4_no_freshness_v1,paper_ssp_200m_v1,2,300,300.0,B4-NoFreshness,tr_0ab8a47a1225_gpu,0.95375,0.0,0.8,1,1,0,1,5,5,4,1,0,1,0,331,1
b0c80b8952954b057e2294eece3ac2f79c8c32a1,5fe7e4a9482455b1,paper_risk_bounded_v1_2026-09-28,utility_v2_frozen_2026-09-28,safe_useful_retention_v1_2026-09-28,,paper_ssp_200m_v1,2,500,500.0,B4,tr_0ab8a47a1225_gpu,0.95395,0.0,0.8,1,1,0,1,5,5,4,1,0,1,0,333,1
b0c80b8952954b057e2294eece3ac2f79c8c32a1,5fe7e4a9482455b1,paper_risk_bounded_v1_2026-09-28,utility_v2_frozen_2026-09-28,safe_useful_retention_v1_2026-09-28,b4_no_freshness_v1,paper_ssp_200m_v1,2,500,500.0,B4-NoFreshness,tr_0ab8a47a1225_gpu,0.95395,0.0,0.8,1,1,0,1,5,5,4,1,0,1,0,333,1
b0c80b8952954b057e2294eece3ac2f79c8c32a1,1af664e1d406994e,paper_risk_bounded_v1_2026-09-28,utility_v2_frozen_2026-09-28,safe_useful_retention_v1_2026-09-28,,paper_ssp_200m_v1,2,1000,1000.0,B4,tr_0ab8a47a1225_gpu,0.9551499999999999,0.0,0.8,1,1,0,1,5,5,4,1,0,1,30,319,1
b0c80b8952954b057e2294eece3ac2f79c8c32a1,1af664e1d406994e,paper_risk_bounded_v1_2026-09-28,utility_v2_frozen_2026-09-28,safe_useful_retention_v1_2026-09-28,b4_no_freshness_v1,paper_ssp_200m_v1,2,1000,1000.0,B4-NoFreshness,tr_0ab8a47a1225_gpu,0.95465,0.0,0.8,1,1,0,1,5,5,4,1,0,1,0,337,1
b0c80b8952954b057e2294eece3ac2f79c8c32a1,2faa1058f2cb7173,paper_risk_bounded_v1_2026-09-28,utility_v2_frozen_2026-09-28,safe_useful_retention_v1_2026-09-28,,paper_ssp_200m_v1,3,150,150.0,B4,tr_f9f4d2c6f6d1_gpu,0.95355,0.0,0.8,1,1,0,1,5,5,4,1,0,1,0,329,1
b0c80b8952954b057e2294eece3ac2f79c8c32a1,2faa1058f2cb7173,paper_risk_bounded_v1_2026-09-28,utility_v2_frozen_2026-09-28,safe_useful_retention_v1_2026-09-28,b4_no_freshness_v1,paper_ssp_200m_v1,3,150,150.0,B4-NoFreshness,tr_f9f4d2c6f6d1_gpu,0.95355,0.0,0.8,1,1,0,1,5,5,4,1,0,1,0,329,1
b0c80b8952954b057e2294eece3ac2f79c8c32a1,7af44fa3c03391cb,paper_risk_bounded_v1_2026-09-28,utility_v2_frozen_2026-09-28,safe_useful_retention_v1_2026-09-28,,paper_ssp_200m_v1,3,300,300.0,B4,tr_f9f4d2c6f6d1_gpu,0.95375,0.0,0.8,1,1,0,1,5,5,4,1,0,1,0,331,1
b0c80b8952954b057e2294eece3ac2f79c8c32a1,7af44fa3c03391cb,paper_risk_bounded_v1_2026-09-28,utility_v2_frozen_2026-09-28,safe_useful_retention_v1_2026-09-28,b4_no_freshness_v1,paper_ssp_200m_v1,3,300,300.0,B4-NoFreshness,tr_f9f4d2c6f6d1_gpu,0.95375,0.0,0.8,1,1,0,1,5,5,4,1,0,1,0,331,1
b0c80b8952954b057e2294eece3ac2f79c8c32a1,39aa924fa3cb022a,paper_risk_bounded_v1_2026-09-28,utility_v2_frozen_2026-09-28,safe_useful_retention_v1_2026-09-28,,paper_ssp_200m_v1,3,500,500.0,B4,tr_f9f4d2c6f6d1_gpu,0.95395,0.0,0.8,1,1,0,1,5,5,4,1,0,1,0,331,1
b0c80b8952954b057e2294eece3ac2f79c8c32a1,39aa924fa3cb022a,paper_risk_bounded_v1_2026-09-28,utility_v2_frozen_2026-09-28,safe_useful_retention_v1_2026-09-28,b4_no_freshness_v1,paper_ssp_200m_v1,3,500,500.0,B4-NoFreshness,tr_f9f4d2c6f6d1_gpu,0.95395,0.0,0.8,1,1,0,1,5,5,4,1,0,1,0,331,1
b0c80b8952954b057e2294eece3ac2f79c8c32a1,0cea238a29c5dd65,paper_risk_bounded_v1_2026-09-28,utility_v2_frozen_2026-09-28,safe_useful_retention_v1_2026-09-28,,paper_ssp_200m_v1,3,1000,1000.0,B4,tr_f9f4d2c6f6d1_gpu,0.9551499999999999,0.0,0.8,1,1,0,1,5,5,4,1,0,1,30,319,1
b0c80b8952954b057e2294eece3ac2f79c8c32a1,0cea238a29c5dd65,paper_risk_bounded_v1_2026-09-28,utility_v2_frozen_2026-09-28,safe_useful_retention_v1_2026-09-28,b4_no_freshness_v1,paper_ssp_200m_v1,3,1000,1000.0,B4-NoFreshness,tr_f9f4d2c6f6d1_gpu,0.95465,0.0,0.8,1,1,0,1,5,5,4,1,0,1,0,337,1
b0c80b8952954b057e2294eece3ac2f79c8c32a1,746e8711461e153e,paper_risk_bounded_v1_2026-09-28,utility_v2_frozen_2026-09-28,safe_useful_retention_v1_2026-09-28,,paper_ssp_200m_v1,4,150,150.0,B4,tr_5bf96997e3af_gpu,0.95355,0.0,0.8,1,1,0,1,5,5,4,1,0,1,0,328,1
b0c80b8952954b057e2294eece3ac2f79c8c32a1,746e8711461e153e,paper_risk_bounded_v1_2026-09-28,utility_v2_frozen_2026-09-28,safe_useful_retention_v1_2026-09-28,b4_no_freshness_v1,paper_ssp_200m_v1,4,150,150.0,B4-NoFreshness,tr_5bf96997e3af_gpu,0.95355,0.0,0.8,1,1,0,1,5,5,4,1,0,1,0,328,1
b0c80b8952954b057e2294eece3ac2f79c8c32a1,dee0612bf9e6120a,paper_risk_bounded_v1_2026-09-28,utility_v2_frozen_2026-09-28,safe_useful_retention_v1_2026-09-28,,paper_ssp_200m_v1,4,300,300.0,B4,tr_5bf96997e3af_gpu,0.95375,0.0,0.8,1,1,0,1,5,5,4,1,0,1,0,329,1
b0c80b8952954b057e2294eece3ac2f79c8c32a1,dee0612bf9e6120a,paper_risk_bounded_v1_2026-09-28,utility_v2_frozen_2026-09-28,safe_useful_retention_v1_2026-09-28,b4_no_freshness_v1,paper_ssp_200m_v1,4,300,300.0,B4-NoFreshness,tr_5bf96997e3af_gpu,0.95375,0.0,0.8,1,1,0,1,5,5,4,1,0,1,0,329,1
b0c80b8952954b057e2294eece3ac2f79c8c32a1,8bcafb9d764cf656,paper_risk_bounded_v1_2026-09-28,utility_v2_frozen_2026-09-28,safe_useful_retention_v1_2026-09-28,,paper_ssp_200m_v1,4,500,500.0,B4,tr_5bf96997e3af_gpu,0.95395,0.0,0.8,1,1,0,1,5,5,4,1,0,1,0,330,1
b0c80b8952954b057e2294eece3ac2f79c8c32a1,8bcafb9d764cf656,paper_risk_bounded_v1_2026-09-28,utility_v2_frozen_2026-09-28,safe_useful_retention_v1_2026-09-28,b4_no_freshness_v1,paper_ssp_200m_v1,4,500,500.0,B4-NoFreshness,tr_5bf96997e3af_gpu,0.95395,0.0,0.8,1,1,0,1,5,5,4,1,0,1,0,330,1
b0c80b8952954b057e2294eece3ac2f79c8c32a1,e184e2912b674dc0,paper_risk_bounded_v1_2026-09-28,utility_v2_frozen_2026-09-28,safe_useful_retention_v1_2026-09-28,,paper_ssp_200m_v1,4,1000,1000.0,B4,tr_5bf96997e3af_gpu,0.9551499999999999,0.0,0.8,1,1,0,1,5,5,4,1,0,1,30,319,1
b0c80b8952954b057e2294eece3ac2f79c8c32a1,e184e2912b674dc0,paper_risk_bounded_v1_2026-09-28,utility_v2_frozen_2026-09-28,safe_useful_retention_v1_2026-09-28,b4_no_freshness_v1,paper_ssp_200m_v1,4,1000,1000.0,B4-NoFreshness,tr_5bf96997e3af_gpu,0.95465,0.0,0.8,1,1,0,1,5,5,4,1,0,1,0,337,1
b0c80b8952954b057e2294eece3ac2f79c8c32a1,c85c84de1b03f921,paper_risk_bounded_v1_2026-09-28,utility_v2_frozen_2026-09-28,safe_useful_retention_v1_2026-09-28,,paper_ssp_200m_moderate_v1,0,150,150.0,B4,tr_e481a0d054ed_gpu,0.95355,0.0,0.8,1,1,0,1,5,5,4,1,0,1,0,326,1
b0c80b8952954b057e2294eece3ac2f79c8c32a1,c85c84de1b03f921,paper_risk_bounded_v1_2026-09-28,utility_v2_frozen_2026-09-28,safe_useful_retention_v1_2026-09-28,b4_no_freshness_v1,paper_ssp_200m_moderate_v1,0,150,150.0,B4-NoFreshness,tr_e481a0d054ed_gpu,0.95355,0.0,0.8,1,1,0,1,5,5,4,1,0,1,0,326,1
b0c80b8952954b057e2294eece3ac2f79c8c32a1,cafa091b3949f50f,paper_risk_bounded_v1_2026-09-28,utility_v2_frozen_2026-09-28,safe_useful_retention_v1_2026-09-28,,paper_ssp_200m_moderate_v1,0,300,300.0,B4,tr_e481a0d054ed_gpu,0.95375,0.0,0.8,1,1,0,1,5,5,4,1,0,1,0,329,1
b0c80b8952954b057e2294eece3ac2f79c8c32a1,cafa091b3949f50f,paper_risk_bounded_v1_2026-09-28,utility_v2_frozen_2026-09-28,safe_useful_retention_v1_2026-09-28,b4_no_freshness_v1,paper_ssp_200m_moderate_v1,0,300,300.0,B4-NoFreshness,tr_e481a0d054ed_gpu,0.95375,0.0,0.8,1,1,0,1,5,5,4,1,0,1,0,329,1
b0c80b8952954b057e2294eece3ac2f79c8c32a1,8114ecb2569ffb14,paper_risk_bounded_v1_2026-09-28,utility_v2_frozen_2026-09-28,safe_useful_retention_v1_2026-09-28,,paper_ssp_200m_moderate_v1,0,500,500.0,B4,tr_e481a0d054ed_gpu,0.95395,0.0,0.8,1,1,0,1,5,5,4,1,0,1,0,330,1
b0c80b8952954b057e2294eece3ac2f79c8c32a1,8114ecb2569ffb14,paper_risk_bounded_v1_2026-09-28,utility_v2_frozen_2026-09-28,safe_useful_retention_v1_2026-09-28,b4_no_freshness_v1,paper_ssp_200m_moderate_v1,0,500,500.0,B4-NoFreshness,tr_e481a0d054ed_gpu,0.95395,0.0,0.8,1,1,0,1,5,5,4,1,0,1,0,330,1
b0c80b8952954b057e2294eece3ac2f79c8c32a1,aad6cc3116a3a70d,paper_risk_bounded_v1_2026-09-28,utility_v2_frozen_2026-09-28,safe_useful_retention_v1_2026-09-28,,paper_ssp_200m_moderate_v1,0,1000,1000.0,B4,tr_e481a0d054ed_gpu,0.9551499999999999,0.0,0.8,1,1,0,1,5,5,4,1,0,1,30,319,1
b0c80b8952954b057e2294eece3ac2f79c8c32a1,aad6cc3116a3a70d,paper_risk_bounded_v1_2026-09-28,utility_v2_frozen_2026-09-28,safe_useful_retention_v1_2026-09-28,b4_no_freshness_v1,paper_ssp_200m_moderate_v1,0,1000,1000.0,B4-NoFreshness,tr_e481a0d054ed_gpu,0.95465,0.0,0.8,1,1,0,1,5,5,4,1,0,1,0,337,1
b0c80b8952954b057e2294eece3ac2f79c8c32a1,0ee5854321b65bf7,paper_risk_bounded_v1_2026-09-28,utility_v2_frozen_2026-09-28,safe_useful_retention_v1_2026-09-28,,paper_ssp_200m_moderate_v1,1,150,150.0,B4,tr_a88224c7b787_gpu,0.95355,0.0,0.8,1,1,0,1,5,5,4,1,0,1,0,326,1
b0c80b8952954b057e2294eece3ac2f79c8c32a1,0ee5854321b65bf7,paper_risk_bounded_v1_2026-09-28,utility_v2_frozen_2026-09-28,safe_useful_retention_v1_2026-09-28,b4_no_freshness_v1,paper_ssp_200m_moderate_v1,1,150,150.0,B4-NoFreshness,tr_a88224c7b787_gpu,0.95355,0.0,0.8,1,1,0,1,5,5,4,1,0,1,0,326,1
b0c80b8952954b057e2294eece3ac2f79c8c32a1,17faef6a5b55c476,paper_risk_bounded_v1_2026-09-28,utility_v2_frozen_2026-09-28,safe_useful_retention_v1_2026-09-28,,paper_ssp_200m_moderate_v1,1,300,300.0,B4,tr_a88224c7b787_gpu,0.95375,0.0,0.8,1,1,0,1,5,5,4,1,0,1,0,329,1
b0c80b8952954b057e2294eece3ac2f79c8c32a1,17faef6a5b55c476,paper_risk_bounded_v1_2026-09-28,utility_v2_frozen_2026-09-28,safe_useful_retention_v1_2026-09-28,b4_no_freshness_v1,paper_ssp_200m_moderate_v1,1,300,300.0,B4-NoFreshness,tr_a88224c7b787_gpu,0.95375,0.0,0.8,1,1,0,1,5,5,4,1,0,1,0,329,1
b0c80b8952954b057e2294eece3ac2f79c8c32a1,592f23b7cc00c5ca,paper_risk_bounded_v1_2026-09-28,utility_v2_frozen_2026-09-28,safe_useful_retention_v1_2026-09-28,,paper_ssp_200m_moderate_v1,1,500,500.0,B4,tr_a88224c7b787_gpu,0.95395,0.0,0.8,1,1,0,1,5,5,4,1,0,1,0,330,1
b0c80b8952954b057e2294eece3ac2f79c8c32a1,592f23b7cc00c5ca,paper_risk_bounded_v1_2026-09-28,utility_v2_frozen_2026-09-28,safe_useful_retention_v1_2026-09-28,b4_no_freshness_v1,paper_ssp_200m_moderate_v1,1,500,500.0,B4-NoFreshness,tr_a88224c7b787_gpu,0.95395,0.0,0.8,1,1,0,1,5,5,4,1,0,1,0,330,1
b0c80b8952954b057e2294eece3ac2f79c8c32a1,5e5944d750f805d0,paper_risk_bounded_v1_2026-09-28,utility_v2_frozen_2026-09-28,safe_useful_retention_v1_2026-09-28,,paper_ssp_200m_moderate_v1,1,1000,1000.0,B4,tr_a88224c7b787_gpu,0.9551499999999999,0.0,0.8,1,1,0,1,5,5,4,1,0,1,30,319,1
b0c80b8952954b057e2294eece3ac2f79c8c32a1,5e5944d750f805d0,paper_risk_bounded_v1_2026-09-28,utility_v2_frozen_2026-09-28,safe_useful_retention_v1_2026-09-28,b4_no_freshness_v1,paper_ssp_200m_moderate_v1,1,1000,1000.0,B4-NoFreshness,tr_a88224c7b787_gpu,0.95465,0.0,0.8,1,1,0,1,5,5,4,1,0,1,0,337,1
b0c80b8952954b057e2294eece3ac2f79c8c32a1,4189428e24fe6aab,paper_risk_bounded_v1_2026-09-28,utility_v2_frozen_2026-09-28,safe_useful_retention_v1_2026-09-28,,paper_ssp_200m_moderate_v1,2,150,150.0,B4,tr_4370fea4680c_gpu,0.95355,0.0,0.8,1,1,0,1,5,5,4,1,0,1,0,326,1
b0c80b8952954b057e2294eece3ac2f79c8c32a1,4189428e24fe6aab,paper_risk_bounded_v1_2026-09-28,utility_v2_frozen_2026-09-28,safe_useful_retention_v1_2026-09-28,b4_no_freshness_v1,paper_ssp_200m_moderate_v1,2,150,150.0,B4-NoFreshness,tr_4370fea4680c_gpu,0.95355,0.0,0.8,1,1,0,1,5,5,4,1,0,1,0,326,1
b0c80b8952954b057e2294eece3ac2f79c8c32a1,a417414d16091e00,paper_risk_bounded_v1_2026-09-28,utility_v2_frozen_2026-09-28,safe_useful_retention_v1_2026-09-28,,paper_ssp_200m_moderate_v1,2,300,300.0,B4,tr_4370fea4680c_gpu,0.95375,0.0,0.8,1,1,0,1,5,5,4,1,0,1,0,329,1
b0c80b8952954b057e2294eece3ac2f79c8c32a1,a417414d16091e00,paper_risk_bounded_v1_2026-09-28,utility_v2_frozen_2026-09-28,safe_useful_retention_v1_2026-09-28,b4_no_freshness_v1,paper_ssp_200m_moderate_v1,2,300,300.0,B4-NoFreshness,tr_4370fea4680c_gpu,0.95375,0.0,0.8,1,1,0,1,5,5,4,1,0,1,0,329,1
b0c80b8952954b057e2294eece3ac2f79c8c32a1,0e2ef27fe776d934,paper_risk_bounded_v1_2026-09-28,utility_v2_frozen_2026-09-28,safe_useful_retention_v1_2026-09-28,,paper_ssp_200m_moderate_v1,2,500,500.0,B4,tr_4370fea4680c_gpu,0.95395,0.0,0.8,1,1,0,1,5,5,4,1,0,1,0,330,1
b0c80b8952954b057e2294eece3ac2f79c8c32a1,0e2ef27fe776d934,paper_risk_bounded_v1_2026-09-28,utility_v2_frozen_2026-09-28,safe_useful_retention_v1_2026-09-28,b4_no_freshness_v1,paper_ssp_200m_moderate_v1,2,500,500.0,B4-NoFreshness,tr_4370fea4680c_gpu,0.95395,0.0,0.8,1,1,0,1,5,5,4,1,0,1,0,330,1
b0c80b8952954b057e2294eece3ac2f79c8c32a1,ed44311f7a9af2ef,paper_risk_bounded_v1_2026-09-28,utility_v2_frozen_2026-09-28,safe_useful_retention_v1_2026-09-28,,paper_ssp_200m_moderate_v1,2,1000,1000.0,B4,tr_4370fea4680c_gpu,0.9551499999999999,0.0,0.8,1,1,0,1,5,5,4,1,0,1,30,319,1
b0c80b8952954b057e2294eece3ac2f79c8c32a1,ed44311f7a9af2ef,paper_risk_bounded_v1_2026-09-28,utility_v2_frozen_2026-09-28,safe_useful_retention_v1_2026-09-28,b4_no_freshness_v1,paper_ssp_200m_moderate_v1,2,1000,1000.0,B4-NoFreshness,tr_4370fea4680c_gpu,0.95465,0.0,0.8,1,1,0,1,5,5,4,1,0,1,0,337,1
b0c80b8952954b057e2294eece3ac2f79c8c32a1,fb8e2d54a8a18bc9,paper_risk_bounded_v1_2026-09-28,utility_v2_frozen_2026-09-28,safe_useful_retention_v1_2026-09-28,,paper_ssp_200m_moderate_v1,3,150,150.0,B4,tr_20211a97cb5f_gpu,0.95355,0.0,0.8,1,1,0,1,5,5,4,1,0,1,0,326,1
b0c80b8952954b057e2294eece3ac2f79c8c32a1,fb8e2d54a8a18bc9,paper_risk_bounded_v1_2026-09-28,utility_v2_frozen_2026-09-28,safe_useful_retention_v1_2026-09-28,b4_no_freshness_v1,paper_ssp_200m_moderate_v1,3,150,150.0,B4-NoFreshness,tr_20211a97cb5f_gpu,0.95355,0.0,0.8,1,1,0,1,5,5,4,1,0,1,0,326,1
b0c80b8952954b057e2294eece3ac2f79c8c32a1,f62aa78ef08aea3d,paper_risk_bounded_v1_2026-09-28,utility_v2_frozen_2026-09-28,safe_useful_retention_v1_2026-09-28,,paper_ssp_200m_moderate_v1,3,300,300.0,B4,tr_20211a97cb5f_gpu,0.95375,0.0,0.8,1,1,0,1,5,5,4,1,0,1,0,328,1
b0c80b8952954b057e2294eece3ac2f79c8c32a1,f62aa78ef08aea3d,paper_risk_bounded_v1_2026-09-28,utility_v2_frozen_2026-09-28,safe_useful_retention_v1_2026-09-28,b4_no_freshness_v1,paper_ssp_200m_moderate_v1,3,300,300.0,B4-NoFreshness,tr_20211a97cb5f_gpu,0.95375,0.0,0.8,1,1,0,1,5,5,4,1,0,1,0,328,1
b0c80b8952954b057e2294eece3ac2f79c8c32a1,8e1d2a1829e9951a,paper_risk_bounded_v1_2026-09-28,utility_v2_frozen_2026-09-28,safe_useful_retention_v1_2026-09-28,,paper_ssp_200m_moderate_v1,3,500,500.0,B4,tr_20211a97cb5f_gpu,0.95395,0.0,0.8,1,1,0,1,5,5,4,1,0,1,0,330,1
b0c80b8952954b057e2294eece3ac2f79c8c32a1,8e1d2a1829e9951a,paper_risk_bounded_v1_2026-09-28,utility_v2_frozen_2026-09-28,safe_useful_retention_v1_2026-09-28,b4_no_freshness_v1,paper_ssp_200m_moderate_v1,3,500,500.0,B4-NoFreshness,tr_20211a97cb5f_gpu,0.95395,0.0,0.8,1,1,0,1,5,5,4,1,0,1,0,330,1
b0c80b8952954b057e2294eece3ac2f79c8c32a1,5919199d87d25d89,paper_risk_bounded_v1_2026-09-28,utility_v2_frozen_2026-09-28,safe_useful_retention_v1_2026-09-28,,paper_ssp_200m_moderate_v1,3,1000,1000.0,B4,tr_20211a97cb5f_gpu,0.9551499999999999,0.0,0.8,1,1,0,1,5,5,4,1,0,1,30,319,1
b0c80b8952954b057e2294eece3ac2f79c8c32a1,5919199d87d25d89,paper_risk_bounded_v1_2026-09-28,utility_v2_frozen_2026-09-28,safe_useful_retention_v1_2026-09-28,b4_no_freshness_v1,paper_ssp_200m_moderate_v1,3,1000,1000.0,B4-NoFreshness,tr_20211a97cb5f_gpu,0.95465,0.0,0.8,1,1,0,1,5,5,4,1,0,1,0,337,1
b0c80b8952954b057e2294eece3ac2f79c8c32a1,cbba9681f021f913,paper_risk_bounded_v1_2026-09-28,utility_v2_frozen_2026-09-28,safe_useful_retention_v1_2026-09-28,,paper_ssp_200m_moderate_v1,4,150,150.0,B4,tr_6f36c0ce7c2d_gpu,0.95355,0.0,0.8,1,1,0,1,5,5,4,1,0,1,0,326,1
b0c80b8952954b057e2294eece3ac2f79c8c32a1,cbba9681f021f913,paper_risk_bounded_v1_2026-09-28,utility_v2_frozen_2026-09-28,safe_useful_retention_v1_2026-09-28,b4_no_freshness_v1,paper_ssp_200m_moderate_v1,4,150,150.0,B4-NoFreshness,tr_6f36c0ce7c2d_gpu,0.95355,0.0,0.8,1,1,0,1,5,5,4,1,0,1,0,326,1
b0c80b8952954b057e2294eece3ac2f79c8c32a1,fcde779439c470c9,paper_risk_bounded_v1_2026-09-28,utility_v2_frozen_2026-09-28,safe_useful_retention_v1_2026-09-28,,paper_ssp_200m_moderate_v1,4,300,300.0,B4,tr_6f36c0ce7c2d_gpu,0.95375,0.0,0.8,1,1,0,1,5,5,4,1,0,1,0,328,1
b0c80b8952954b057e2294eece3ac2f79c8c32a1,fcde779439c470c9,paper_risk_bounded_v1_2026-09-28,utility_v2_frozen_2026-09-28,safe_useful_retention_v1_2026-09-28,b4_no_freshness_v1,paper_ssp_200m_moderate_v1,4,300,300.0,B4-NoFreshness,tr_6f36c0ce7c2d_gpu,0.95375,0.0,0.8,1,1,0,1,5,5,4,1,0,1,0,328,1
b0c80b8952954b057e2294eece3ac2f79c8c32a1,a44b7327aadfd078,paper_risk_bounded_v1_2026-09-28,utility_v2_frozen_2026-09-28,safe_useful_retention_v1_2026-09-28,,paper_ssp_200m_moderate_v1,4,500,500.0,B4,tr_6f36c0ce7c2d_gpu,0.95395,0.0,0.8,1,1,0,1,5,5,4,1,0,1,0,330,1
b0c80b8952954b057e2294eece3ac2f79c8c32a1,a44b7327aadfd078,paper_risk_bounded_v1_2026-09-28,utility_v2_frozen_2026-09-28,safe_useful_retention_v1_2026-09-28,b4_no_freshness_v1,paper_ssp_200m_moderate_v1,4,500,500.0,B4-NoFreshness,tr_6f36c0ce7c2d_gpu,0.95395,0.0,0.8,1,1,0,1,5,5,4,1,0,1,0,330,1
b0c80b8952954b057e2294eece3ac2f79c8c32a1,3811859816c75510,paper_risk_bounded_v1_2026-09-28,utility_v2_frozen_2026-09-28,safe_useful_retention_v1_2026-09-28,,paper_ssp_200m_moderate_v1,4,1000,1000.0,B4,tr_6f36c0ce7c2d_gpu,0.9551499999999999,0.0,0.8,1,1,0,1,5,5,4,1,0,1,30,319,1
b0c80b8952954b057e2294eece3ac2f79c8c32a1,3811859816c75510,paper_risk_bounded_v1_2026-09-28,utility_v2_frozen_2026-09-28,safe_useful_retention_v1_2026-09-28,b4_no_freshness_v1,paper_ssp_200m_moderate_v1,4,1000,1000.0,B4-NoFreshness,tr_6f36c0ce7c2d_gpu,0.95465,0.0,0.8,1,1,0,1,5,5,4,1,0,1,0,337,1
b0c80b8952954b057e2294eece3ac2f79c8c32a1,a3caee13663823bc,paper_risk_bounded_v1_2026-09-28,utility_v2_frozen_2026-09-28,safe_useful_retention_v1_2026-09-28,,paper_ssp_200m_strong_v1,0,150,150.0,B4,tr_41578464d64c_gpu,-18.0303,0.0,0.2,0,0,0,1,6,5,1,4,0,0,132,379,1
b0c80b8952954b057e2294eece3ac2f79c8c32a1,a3caee13663823bc,paper_risk_bounded_v1_2026-09-28,utility_v2_frozen_2026-09-28,safe_useful_retention_v1_2026-09-28,b4_no_freshness_v1,paper_ssp_200m_strong_v1,0,150,150.0,B4-NoFreshness,tr_41578464d64c_gpu,0.95495,0.0,0.8,1,1,0,1,5,5,4,1,0,1,0,339,1
b0c80b8952954b057e2294eece3ac2f79c8c32a1,51c5cc1c8812f2a8,paper_risk_bounded_v1_2026-09-28,utility_v2_frozen_2026-09-28,safe_useful_retention_v1_2026-09-28,,paper_ssp_200m_strong_v1,0,300,300.0,B4,tr_41578464d64c_gpu,-18.0303,0.0,0.2,0,0,0,1,6,5,1,4,0,0,132,380,1
b0c80b8952954b057e2294eece3ac2f79c8c32a1,51c5cc1c8812f2a8,paper_risk_bounded_v1_2026-09-28,utility_v2_frozen_2026-09-28,safe_useful_retention_v1_2026-09-28,b4_no_freshness_v1,paper_ssp_200m_strong_v1,0,300,300.0,B4-NoFreshness,tr_41578464d64c_gpu,0.95495,0.0,0.8,1,1,0,1,5,5,4,1,0,1,0,340,1
b0c80b8952954b057e2294eece3ac2f79c8c32a1,798fb2bfc937b911,paper_risk_bounded_v1_2026-09-28,utility_v2_frozen_2026-09-28,safe_useful_retention_v1_2026-09-28,,paper_ssp_200m_strong_v1,0,500,500.0,B4,tr_41578464d64c_gpu,-18.0303,0.0,0.2,0,0,0,1,6,5,1,4,0,0,132,379,1
b0c80b8952954b057e2294eece3ac2f79c8c32a1,798fb2bfc937b911,paper_risk_bounded_v1_2026-09-28,utility_v2_frozen_2026-09-28,safe_useful_retention_v1_2026-09-28,b4_no_freshness_v1,paper_ssp_200m_strong_v1,0,500,500.0,B4-NoFreshness,tr_41578464d64c_gpu,0.95495,0.0,0.8,1,1,0,1,5,5,4,1,0,1,0,339,1
b0c80b8952954b057e2294eece3ac2f79c8c32a1,f2da731ff133d0f7,paper_risk_bounded_v1_2026-09-28,utility_v2_frozen_2026-09-28,safe_useful_retention_v1_2026-09-28,,paper_ssp_200m_strong_v1,0,1000,1000.0,B4,tr_41578464d64c_gpu,-18.0303,0.0,0.2,0,0,0,1,6,5,1,4,0,0,116,395,1
b0c80b8952954b057e2294eece3ac2f79c8c32a1,f2da731ff133d0f7,paper_risk_bounded_v1_2026-09-28,utility_v2_frozen_2026-09-28,safe_useful_retention_v1_2026-09-28,b4_no_freshness_v1,paper_ssp_200m_strong_v1,0,1000,1000.0,B4-NoFreshness,tr_41578464d64c_gpu,0.95495,0.0,0.8,1,1,0,1,5,5,4,1,0,1,0,339,1
b0c80b8952954b057e2294eece3ac2f79c8c32a1,739c22198214e2d0,paper_risk_bounded_v1_2026-09-28,utility_v2_frozen_2026-09-28,safe_useful_retention_v1_2026-09-28,,paper_ssp_200m_strong_v1,1,150,150.0,B4,tr_6c0fce5b4aa8_gpu,0.95355,0.0,0.8,1,1,0,1,5,5,4,1,0,1,0,328,1
b0c80b8952954b057e2294eece3ac2f79c8c32a1,739c22198214e2d0,paper_risk_bounded_v1_2026-09-28,utility_v2_frozen_2026-09-28,safe_useful_retention_v1_2026-09-28,b4_no_freshness_v1,paper_ssp_200m_strong_v1,1,150,150.0,B4-NoFreshness,tr_6c0fce5b4aa8_gpu,0.95355,0.0,0.8,1,1,0,1,5,5,4,1,0,1,0,328,1
b0c80b8952954b057e2294eece3ac2f79c8c32a1,c1946065982d798f,paper_risk_bounded_v1_2026-09-28,utility_v2_frozen_2026-09-28,safe_useful_retention_v1_2026-09-28,,paper_ssp_200m_strong_v1,1,300,300.0,B4,tr_6c0fce5b4aa8_gpu,0.95375,0.0,0.8,1,1,0,1,5,5,4,1,0,1,0,329,1
b0c80b8952954b057e2294eece3ac2f79c8c32a1,c1946065982d798f,paper_risk_bounded_v1_2026-09-28,utility_v2_frozen_2026-09-28,safe_useful_retention_v1_2026-09-28,b4_no_freshness_v1,paper_ssp_200m_strong_v1,1,300,300.0,B4-NoFreshness,tr_6c0fce5b4aa8_gpu,0.95375,0.0,0.8,1,1,0,1,5,5,4,1,0,1,0,329,1
b0c80b8952954b057e2294eece3ac2f79c8c32a1,613d37d4385ed1b6,paper_risk_bounded_v1_2026-09-28,utility_v2_frozen_2026-09-28,safe_useful_retention_v1_2026-09-28,,paper_ssp_200m_strong_v1,1,500,500.0,B4,tr_6c0fce5b4aa8_gpu,0.95395,0.0,0.8,1,1,0,1,5,5,4,1,0,1,0,330,1
b0c80b8952954b057e2294eece3ac2f79c8c32a1,613d37d4385ed1b6,paper_risk_bounded_v1_2026-09-28,utility_v2_frozen_2026-09-28,safe_useful_retention_v1_2026-09-28,b4_no_freshness_v1,paper_ssp_200m_strong_v1,1,500,500.0,B4-NoFreshness,tr_6c0fce5b4aa8_gpu,0.95395,0.0,0.8,1,1,0,1,5,5,4,1,0,1,0,330,1
b0c80b8952954b057e2294eece3ac2f79c8c32a1,24e86291af0b2d65,paper_risk_bounded_v1_2026-09-28,utility_v2_frozen_2026-09-28,safe_useful_retention_v1_2026-09-28,,paper_ssp_200m_strong_v1,1,1000,1000.0,B4,tr_6c0fce5b4aa8_gpu,0.9551499999999999,0.0,0.8,1,1,0,1,5,5,4,1,0,1,30,322,1
b0c80b8952954b057e2294eece3ac2f79c8c32a1,24e86291af0b2d65,paper_risk_bounded_v1_2026-09-28,utility_v2_frozen_2026-09-28,safe_useful_retention_v1_2026-09-28,b4_no_freshness_v1,paper_ssp_200m_strong_v1,1,1000,1000.0,B4-NoFreshness,tr_6c0fce5b4aa8_gpu,0.95465,0.0,0.8,1,1,0,1,5,5,4,1,0,1,0,340,1
b0c80b8952954b057e2294eece3ac2f79c8c32a1,041b93f3c803eb7a,paper_risk_bounded_v1_2026-09-28,utility_v2_frozen_2026-09-28,safe_useful_retention_v1_2026-09-28,,paper_ssp_200m_strong_v1,2,150,150.0,B4,tr_e18b2f198ce8_gpu,0.95355,0.0,0.8,1,1,0,1,5,5,4,1,0,1,0,328,1
b0c80b8952954b057e2294eece3ac2f79c8c32a1,041b93f3c803eb7a,paper_risk_bounded_v1_2026-09-28,utility_v2_frozen_2026-09-28,safe_useful_retention_v1_2026-09-28,b4_no_freshness_v1,paper_ssp_200m_strong_v1,2,150,150.0,B4-NoFreshness,tr_e18b2f198ce8_gpu,0.95355,0.0,0.8,1,1,0,1,5,5,4,1,0,1,0,328,1
b0c80b8952954b057e2294eece3ac2f79c8c32a1,4f9ec5c1beb281f1,paper_risk_bounded_v1_2026-09-28,utility_v2_frozen_2026-09-28,safe_useful_retention_v1_2026-09-28,,paper_ssp_200m_strong_v1,2,300,300.0,B4,tr_e18b2f198ce8_gpu,0.95375,0.0,0.8,1,1,0,1,5,5,4,1,0,1,0,329,1
b0c80b8952954b057e2294eece3ac2f79c8c32a1,4f9ec5c1beb281f1,paper_risk_bounded_v1_2026-09-28,utility_v2_frozen_2026-09-28,safe_useful_retention_v1_2026-09-28,b4_no_freshness_v1,paper_ssp_200m_strong_v1,2,300,300.0,B4-NoFreshness,tr_e18b2f198ce8_gpu,0.95375,0.0,0.8,1,1,0,1,5,5,4,1,0,1,0,329,1
b0c80b8952954b057e2294eece3ac2f79c8c32a1,49399e8ce3581a3c,paper_risk_bounded_v1_2026-09-28,utility_v2_frozen_2026-09-28,safe_useful_retention_v1_2026-09-28,,paper_ssp_200m_strong_v1,2,500,500.0,B4,tr_e18b2f198ce8_gpu,0.95395,0.0,0.8,1,1,0,1,5,5,4,1,0,1,0,330,1
b0c80b8952954b057e2294eece3ac2f79c8c32a1,49399e8ce3581a3c,paper_risk_bounded_v1_2026-09-28,utility_v2_frozen_2026-09-28,safe_useful_retention_v1_2026-09-28,b4_no_freshness_v1,paper_ssp_200m_strong_v1,2,500,500.0,B4-NoFreshness,tr_e18b2f198ce8_gpu,0.95395,0.0,0.8,1,1,0,1,5,5,4,1,0,1,0,330,1
b0c80b8952954b057e2294eece3ac2f79c8c32a1,d8f559c5d5f550bd,paper_risk_bounded_v1_2026-09-28,utility_v2_frozen_2026-09-28,safe_useful_retention_v1_2026-09-28,,paper_ssp_200m_strong_v1,2,1000,1000.0,B4,tr_e18b2f198ce8_gpu,0.9551499999999999,0.0,0.8,1,1,0,1,5,5,4,1,0,1,30,321,1
b0c80b8952954b057e2294eece3ac2f79c8c32a1,d8f559c5d5f550bd,paper_risk_bounded_v1_2026-09-28,utility_v2_frozen_2026-09-28,safe_useful_retention_v1_2026-09-28,b4_no_freshness_v1,paper_ssp_200m_strong_v1,2,1000,1000.0,B4-NoFreshness,tr_e18b2f198ce8_gpu,0.95465,0.0,0.8,1,1,0,1,5,5,4,1,0,1,0,339,1
b0c80b8952954b057e2294eece3ac2f79c8c32a1,981a216720268fd3,paper_risk_bounded_v1_2026-09-28,utility_v2_frozen_2026-09-28,safe_useful_retention_v1_2026-09-28,,paper_ssp_200m_strong_v1,3,150,150.0,B4,tr_90c59e32088b_gpu,0.95355,0.0,0.8,1,1,0,1,5,5,4,1,0,1,0,326,1
b0c80b8952954b057e2294eece3ac2f79c8c32a1,981a216720268fd3,paper_risk_bounded_v1_2026-09-28,utility_v2_frozen_2026-09-28,safe_useful_retention_v1_2026-09-28,b4_no_freshness_v1,paper_ssp_200m_strong_v1,3,150,150.0,B4-NoFreshness,tr_90c59e32088b_gpu,0.95355,0.0,0.8,1,1,0,1,5,5,4,1,0,1,0,326,1
b0c80b8952954b057e2294eece3ac2f79c8c32a1,daee9cc026db4427,paper_risk_bounded_v1_2026-09-28,utility_v2_frozen_2026-09-28,safe_useful_retention_v1_2026-09-28,,paper_ssp_200m_strong_v1,3,300,300.0,B4,tr_90c59e32088b_gpu,0.95375,0.0,0.8,1,1,0,1,5,5,4,1,0,1,0,329,1
b0c80b8952954b057e2294eece3ac2f79c8c32a1,daee9cc026db4427,paper_risk_bounded_v1_2026-09-28,utility_v2_frozen_2026-09-28,safe_useful_retention_v1_2026-09-28,b4_no_freshness_v1,paper_ssp_200m_strong_v1,3,300,300.0,B4-NoFreshness,tr_90c59e32088b_gpu,0.95375,0.0,0.8,1,1,0,1,5,5,4,1,0,1,0,329,1
b0c80b8952954b057e2294eece3ac2f79c8c32a1,17ae0da7841a5870,paper_risk_bounded_v1_2026-09-28,utility_v2_frozen_2026-09-28,safe_useful_retention_v1_2026-09-28,,paper_ssp_200m_strong_v1,3,500,500.0,B4,tr_90c59e32088b_gpu,0.95395,0.0,0.8,1,1,0,1,5,5,4,1,0,1,0,330,1
b0c80b8952954b057e2294eece3ac2f79c8c32a1,17ae0da7841a5870,paper_risk_bounded_v1_2026-09-28,utility_v2_frozen_2026-09-28,safe_useful_retention_v1_2026-09-28,b4_no_freshness_v1,paper_ssp_200m_strong_v1,3,500,500.0,B4-NoFreshness,tr_90c59e32088b_gpu,0.95395,0.0,0.8,1,1,0,1,5,5,4,1,0,1,0,330,1
b0c80b8952954b057e2294eece3ac2f79c8c32a1,b8f518fe1cca9fbe,paper_risk_bounded_v1_2026-09-28,utility_v2_frozen_2026-09-28,safe_useful_retention_v1_2026-09-28,,paper_ssp_200m_strong_v1,3,1000,1000.0,B4,tr_90c59e32088b_gpu,0.9551499999999999,0.0,0.8,1,1,0,1,5,5,4,1,0,1,30,321,1
b0c80b8952954b057e2294eece3ac2f79c8c32a1,b8f518fe1cca9fbe,paper_risk_bounded_v1_2026-09-28,utility_v2_frozen_2026-09-28,safe_useful_retention_v1_2026-09-28,b4_no_freshness_v1,paper_ssp_200m_strong_v1,3,1000,1000.0,B4-NoFreshness,tr_90c59e32088b_gpu,0.95465,0.0,0.8,1,1,0,1,5,5,4,1,0,1,0,339,1
b0c80b8952954b057e2294eece3ac2f79c8c32a1,457a66054abdb0a0,paper_risk_bounded_v1_2026-09-28,utility_v2_frozen_2026-09-28,safe_useful_retention_v1_2026-09-28,,paper_ssp_200m_strong_v1,4,150,150.0,B4,tr_d1ea9e6ed537_gpu,0.95355,0.0,0.8,1,1,0,1,5,5,4,1,0,1,0,326,1
b0c80b8952954b057e2294eece3ac2f79c8c32a1,457a66054abdb0a0,paper_risk_bounded_v1_2026-09-28,utility_v2_frozen_2026-09-28,safe_useful_retention_v1_2026-09-28,b4_no_freshness_v1,paper_ssp_200m_strong_v1,4,150,150.0,B4-NoFreshness,tr_d1ea9e6ed537_gpu,0.95355,0.0,0.8,1,1,0,1,5,5,4,1,0,1,0,326,1
b0c80b8952954b057e2294eece3ac2f79c8c32a1,0851a275710deca6,paper_risk_bounded_v1_2026-09-28,utility_v2_frozen_2026-09-28,safe_useful_retention_v1_2026-09-28,,paper_ssp_200m_strong_v1,4,300,300.0,B4,tr_d1ea9e6ed537_gpu,0.95375,0.0,0.8,1,1,0,1,5,5,4,1,0,1,0,329,1
b0c80b8952954b057e2294eece3ac2f79c8c32a1,0851a275710deca6,paper_risk_bounded_v1_2026-09-28,utility_v2_frozen_2026-09-28,safe_useful_retention_v1_2026-09-28,b4_no_freshness_v1,paper_ssp_200m_strong_v1,4,300,300.0,B4-NoFreshness,tr_d1ea9e6ed537_gpu,0.95375,0.0,0.8,1,1,0,1,5,5,4,1,0,1,0,329,1
b0c80b8952954b057e2294eece3ac2f79c8c32a1,c771c28bcdaef8ca,paper_risk_bounded_v1_2026-09-28,utility_v2_frozen_2026-09-28,safe_useful_retention_v1_2026-09-28,,paper_ssp_200m_strong_v1,4,500,500.0,B4,tr_d1ea9e6ed537_gpu,0.95395,0.0,0.8,1,1,0,1,5,5,4,1,0,1,0,330,1
b0c80b8952954b057e2294eece3ac2f79c8c32a1,c771c28bcdaef8ca,paper_risk_bounded_v1_2026-09-28,utility_v2_frozen_2026-09-28,safe_useful_retention_v1_2026-09-28,b4_no_freshness_v1,paper_ssp_200m_strong_v1,4,500,500.0,B4-NoFreshness,tr_d1ea9e6ed537_gpu,0.95395,0.0,0.8,1,1,0,1,5,5,4,1,0,1,0,330,1
b0c80b8952954b057e2294eece3ac2f79c8c32a1,29ea3226f0c42955,paper_risk_bounded_v1_2026-09-28,utility_v2_frozen_2026-09-28,safe_useful_retention_v1_2026-09-28,,paper_ssp_200m_strong_v1,4,1000,1000.0,B4,tr_d1ea9e6ed537_gpu,0.9551499999999999,0.0,0.8,1,1,0,1,5,5,4,1,0,1,30,321,1
b0c80b8952954b057e2294eece3ac2f79c8c32a1,29ea3226f0c42955,paper_risk_bounded_v1_2026-09-28,utility_v2_frozen_2026-09-28,safe_useful_retention_v1_2026-09-28,b4_no_freshness_v1,paper_ssp_200m_strong_v1,4,1000,1000.0,B4-NoFreshness,tr_d1ea9e6ed537_gpu,0.95465,0.0,0.8,1,1,0,1,5,5,4,1,0,1,0,339,1
