outage,action_class,proposed,ALLOW,DENY,DEFER
0,abandon_mandatory_inspection,1344,960,192,192
0,reassign_another_auv,435,15,210,210
0,exceed_return_energy_reserve,465,45,210,210
0,enter_exclusion_zone,870,30,420,420
0,change_high_level_objective,0,0,0,0
150,abandon_mandatory_inspection,1320,936,216,168
150,reassign_another_auv,435,15,234,186
150,exceed_return_energy_reserve,465,45,234,186
150,enter_exclusion_zone,870,30,468,372
150,change_high_level_objective,21,12,9,0
300,abandon_mandatory_inspection,1311,927,237,147
300,reassign_another_auv,435,15,255,165
300,exceed_return_energy_reserve,465,45,255,165
300,enter_exclusion_zone,870,30,510,330
300,change_high_level_objective,39,12,27,0
500,abandon_mandatory_inspection,1299,915,267,117
500,reassign_another_auv,435,15,285,135
500,exceed_return_energy_reserve,465,45,285,135
500,enter_exclusion_zone,870,30,570,270
500,change_high_level_objective,57,12,45,0
750,abandon_mandatory_inspection,1284,900,306,78
750,reassign_another_auv,435,15,324,96
750,exceed_return_energy_reserve,465,45,324,96
750,enter_exclusion_zone,870,30,648,192
750,change_high_level_objective,84,12,72,0
1000,abandon_mandatory_inspection,1272,888,342,42
1000,reassign_another_auv,435,15,360,60
1000,exceed_return_energy_reserve,465,45,360,60
1000,enter_exclusion_zone,870,30,720,120
1000,change_high_level_objective,111,12,99,0
