context_mode,age_id,metric,n_clusters,b4_minus_nofreshness_mean,ci95_lo,ci95_hi
benign_static,fresh_120,controlled_safe_useful_execution,30,0.0,0.0,0.0
benign_static,fresh_120,obsolete_reassignment_execution,30,0.0,0.0,0.0
benign_static,fresh_120,controlled_false_denial,30,0.0,0.0,0.0
benign_static,fresh_120,ownership_override_of_available_target,30,0.0,0.0,0.0
benign_static,fresh_120,mission_utility,30,0.001353333333332311,0.0005999999999986017,0.0024833333333328747
benign_static,fresh_120,hard_safety_violation_count,30,0.0,0.0,0.0
benign_static,fresh_120,safe_useful_retention,30,0.0,0.0,0.0
benign_static,aging_240,controlled_safe_useful_execution,30,-1.0,-1.0,-1.0
benign_static,aging_240,obsolete_reassignment_execution,30,0.0,0.0,0.0
benign_static,aging_240,controlled_false_denial,30,1.0,1.0,1.0
benign_static,aging_240,ownership_override_of_available_target,30,0.0,0.0,0.0
benign_static,aging_240,mission_utility,30,-11.998646666666664,-11.999399999999998,-11.997516666666662
benign_static,aging_240,hard_safety_violation_count,30,0.0,0.0,0.0
benign_static,aging_240,safe_useful_retention,30,-1.0,-1.0,-1.0
benign_static,stale_520,controlled_safe_useful_execution,30,-1.0,-1.0,-1.0
benign_static,stale_520,obsolete_reassignment_execution,30,0.0,0.0,0.0
benign_static,stale_520,controlled_false_denial,30,1.0,1.0,1.0
benign_static,stale_520,ownership_override_of_available_target,30,0.0,0.0,0.0
benign_static,stale_520,mission_utility,30,-11.998646666666664,-11.999399999999998,-11.997516666666662
benign_static,stale_520,hard_safety_violation_count,30,0.0,0.0,0.0
benign_static,stale_520,safe_useful_retention,30,-1.0,-1.0,-1.0
benign_static,hard_960,controlled_safe_useful_execution,30,-1.0,-1.0,-1.0
benign_static,hard_960,obsolete_reassignment_execution,30,0.0,0.0,0.0
benign_static,hard_960,controlled_false_denial,30,1.0,1.0,1.0
benign_static,hard_960,ownership_override_of_available_target,30,0.0,0.0,0.0
benign_static,hard_960,mission_utility,30,-11.998646666666664,-11.999399999999998,-11.997516666666662
benign_static,hard_960,hard_safety_violation_count,30,0.0,0.0,0.0
benign_static,hard_960,safe_useful_retention,30,-1.0,-1.0,-1.0
target_recovers_age300,fresh_120,controlled_safe_useful_execution,30,0.0,0.0,0.0
target_recovers_age300,fresh_120,obsolete_reassignment_execution,30,0.0,0.0,0.0
target_recovers_age300,fresh_120,controlled_false_denial,30,0.0,0.0,0.0
target_recovers_age300,fresh_120,ownership_override_of_available_target,30,0.0,0.0,0.0
target_recovers_age300,fresh_120,mission_utility,30,0.001353333333332311,0.0005999999999986017,0.0024833333333328747
target_recovers_age300,fresh_120,hard_safety_violation_count,30,0.0,0.0,0.0
target_recovers_age300,fresh_120,safe_useful_retention,30,0.0,0.0,0.0
target_recovers_age300,aging_240,controlled_safe_useful_execution,30,-1.0,-1.0,-1.0
target_recovers_age300,aging_240,obsolete_reassignment_execution,30,0.0,0.0,0.0
target_recovers_age300,aging_240,controlled_false_denial,30,1.0,1.0,1.0
target_recovers_age300,aging_240,ownership_override_of_available_target,30,0.0,0.0,0.0
target_recovers_age300,aging_240,mission_utility,30,-11.998646666666664,-11.999399999999998,-11.997516666666662
target_recovers_age300,aging_240,hard_safety_violation_count,30,0.0,0.0,0.0
target_recovers_age300,aging_240,safe_useful_retention,30,-1.0,-1.0,-1.0
target_recovers_age300,stale_520,controlled_safe_useful_execution,30,0.0,0.0,0.0
target_recovers_age300,stale_520,obsolete_reassignment_execution,30,-1.0,-1.0,-1.0
target_recovers_age300,stale_520,controlled_false_denial,30,0.0,0.0,0.0
target_recovers_age300,stale_520,ownership_override_of_available_target,30,-1.0,-1.0,-1.0
target_recovers_age300,stale_520,mission_utility,30,0.001353333333332311,0.0005999999999986017,0.0024833333333328747
target_recovers_age300,stale_520,hard_safety_violation_count,30,0.0,0.0,0.0
target_recovers_age300,stale_520,safe_useful_retention,30,0.0,0.0,0.0
target_recovers_age300,hard_960,controlled_safe_useful_execution,30,0.0,0.0,0.0
target_recovers_age300,hard_960,obsolete_reassignment_execution,30,-1.0,-1.0,-1.0
target_recovers_age300,hard_960,controlled_false_denial,30,0.0,0.0,0.0
target_recovers_age300,hard_960,ownership_override_of_available_target,30,-1.0,-1.0,-1.0
target_recovers_age300,hard_960,mission_utility,30,0.001353333333332311,0.0005999999999986017,0.0024833333333328747
target_recovers_age300,hard_960,hard_safety_violation_count,30,0.0,0.0,0.0
target_recovers_age300,hard_960,safe_useful_retention,30,0.0,0.0,0.0
