baseline,environment_id,outage,seed,recon_status,recon_latency_s,hard_safety_violation_count,violation_per_proposal,violation_per_executed_consequential,useful_consequential_retention,safe_useful_retention,auv_reauth_fraction,auv_timeout_fraction,auv_reauth_latency_s,governance_tx_bytes,mission_utility,semantic_conflicts_per_mission,gco,coverage_by_freshness,reason_code_counts,policy_version,git_commit
B3,paper_ssp_200m_v1,0,0,idle,0.0,0,0.0,0.0,0.0,0.0,,,{},74240,-30.0462,0,0.6884272997032641,"{""fresh"": {""proposed"": 344, ""ALLOW"": 0, ""DENY"": 344, ""DEFER"": 0, ""fraction_of_consequential"": 1.0}, ""aging"": {""proposed"": 0, ""ALLOW"": 0, ""DENY"": 0, ""DEFER"": 0, ""fraction_of_consequential"": 0.0}, ""stale"": {""proposed"": 0, ""ALLOW"": 0, ""DENY"": 0, ""DEFER"": 0, ""fraction_of_consequential"": 0.0}, ""hard_expired"": {""proposed"": 0, ""ALLOW"": 0, ""DENY"": 0, ""DEFER"": 0, ""fraction_of_consequential"": 0.0}}","{""ALLOW_LOW_RISK"": 496, ""DENY_STATIC_BOUND"": 344}",paper_risk_bounded_v1_2026-09-28,2b57f0306d7d046282b408e30dff6ff11becf581
B4,paper_ssp_200m_v1,0,0,idle,0.0,0,0.0,0.0,0.0035714285714285713,1.0,,,{},74240,-18.0462,0,0.6884272997032641,"{""fresh"": {""proposed"": 344, ""ALLOW"": 1, ""DENY"": 343, ""DEFER"": 0, ""fraction_of_consequential"": 1.0}, ""aging"": {""proposed"": 0, ""ALLOW"": 0, ""DENY"": 0, ""DEFER"": 0, ""fraction_of_consequential"": 0.0}, ""stale"": {""proposed"": 0, ""ALLOW"": 0, ""DENY"": 0, ""DEFER"": 0, ""fraction_of_consequential"": 0.0}, ""hard_expired"": {""proposed"": 0, ""ALLOW"": 0, ""DENY"": 0, ""DEFER"": 0, ""fraction_of_consequential"": 0.0}}","{""ALLOW_LOW_RISK"": 496, ""DENY_FORBIDDEN"": 343, ""ALLOW_AUTHORIZED"": 1}",paper_risk_bounded_v1_2026-09-28,2b57f0306d7d046282b408e30dff6ff11becf581
B5_nominal,paper_ssp_200m_v1,0,0,idle,0.0,69,0.9857142857142858,0.9857142857142858,1.0,1.0,,,{},74240,47.9171,1,0.7656765676567657,"{""fresh"": {""proposed"": 70, ""ALLOW"": 70, ""DENY"": 0, ""DEFER"": 0, ""fraction_of_consequential"": 1.0}, ""aging"": {""proposed"": 0, ""ALLOW"": 0, ""DENY"": 0, ""DEFER"": 0, ""fraction_of_consequential"": 0.0}, ""stale"": {""proposed"": 0, ""ALLOW"": 0, ""DENY"": 0, ""DEFER"": 0, ""fraction_of_consequential"": 0.0}, ""hard_expired"": {""proposed"": 0, ""ALLOW"": 0, ""DENY"": 0, ""DEFER"": 0, ""fraction_of_consequential"": 0.0}}","{""ALLOW_LOW_RISK"": 770, ""ALLOW_AUTHORIZED"": 70}",paper_risk_bounded_v1_2026-09-28,2b57f0306d7d046282b408e30dff6ff11becf581
B3,paper_ssp_200m_v1,500,0,partial,40.0,0,0.0,0.0,0.0,0.0,0.3333333333333333,0.6666666666666666,"{""auv_03"": 20.0, ""auv_01"": 40.0, ""auv_00"": 40.0, ""auv_06"": 40.0}",70528,-30.0456,0,0.6073298429319371,"{""fresh"": {""proposed"": 274, ""ALLOW"": 0, ""DENY"": 274, ""DEFER"": 0, ""fraction_of_consequential"": 0.7828571428571428}, ""aging"": {""proposed"": 46, ""ALLOW"": 0, ""DENY"": 46, ""DEFER"": 0, ""fraction_of_consequential"": 0.13142857142857142}, ""stale"": {""proposed"": 30, ""ALLOW"": 0, ""DENY"": 30, ""DEFER"": 0, ""fraction_of_consequential"": 0.08571428571428572}, ""hard_expired"": {""proposed"": 0, ""ALLOW"": 0, ""DENY"": 0, ""DEFER"": 0, ""fraction_of_consequential"": 0.0}}","{""ALLOW_LOW_RISK"": 490, ""DENY_STATIC_BOUND"": 350}",paper_risk_bounded_v1_2026-09-28,2b57f0306d7d046282b408e30dff6ff11becf581
B4,paper_ssp_200m_v1,500,0,partial,40.0,0,0.0,0.0,0.014336917562724014,0.8,0.3333333333333333,0.6666666666666666,"{""auv_03"": 20.0, ""auv_01"": 40.0, ""auv_00"": 40.0, ""auv_06"": 40.0}",70528,0.95395,1,0.6073298429319371,"{""fresh"": {""proposed"": 274, ""ALLOW"": 4, ""DENY"": 270, ""DEFER"": 0, ""fraction_of_consequential"": 0.7828571428571428}, ""aging"": {""proposed"": 46, ""ALLOW"": 0, ""DENY"": 46, ""DEFER"": 0, ""fraction_of_consequential"": 0.13142857142857142}, ""stale"": {""proposed"": 30, ""ALLOW"": 0, ""DENY"": 30, ""DEFER"": 0, ""fraction_of_consequential"": 0.08571428571428572}, ""hard_expired"": {""proposed"": 0, ""ALLOW"": 0, ""DENY"": 0, ""DEFER"": 0, ""fraction_of_consequential"": 0.0}}","{""ALLOW_LOW_RISK"": 490, ""DENY_FORBIDDEN"": 331, ""ALLOW_AUTHORIZED"": 4, ""DENY_CONDITIONAL_UNMET"": 1, ""DENY_RECOVERING_HARD_SAFETY"": 14}",paper_risk_bounded_v1_2026-09-28,2b57f0306d7d046282b408e30dff6ff11becf581
B5_nominal,paper_ssp_200m_v1,500,0,partial,40.0,79,0.9294117647058824,0.9294117647058824,1.0,1.0,0.3333333333333333,0.6666666666666666,"{""auv_03"": 20.0, ""auv_00"": 40.0, ""auv_01"": 40.0, ""auv_06"": 40.0}",70528,-77.08455,9,0.6701124961994527,"{""fresh"": {""proposed"": 76, ""ALLOW"": 76, ""DENY"": 0, ""DEFER"": 0, ""fraction_of_consequential"": 0.8941176470588236}, ""aging"": {""proposed"": 4, ""ALLOW"": 4, ""DENY"": 0, ""DEFER"": 0, ""fraction_of_consequential"": 0.047058823529411764}, ""stale"": {""proposed"": 5, ""ALLOW"": 5, ""DENY"": 0, ""DEFER"": 0, ""fraction_of_consequential"": 0.058823529411764705}, ""hard_expired"": {""proposed"": 0, ""ALLOW"": 0, ""DENY"": 0, ""DEFER"": 0, ""fraction_of_consequential"": 0.0}}","{""ALLOW_LOW_RISK"": 755, ""ALLOW_AUTHORIZED"": 85}",paper_risk_bounded_v1_2026-09-28,2b57f0306d7d046282b408e30dff6ff11becf581
B3,paper_ssp_200m_v1,1000,0,partial,60.0,0,0.0,0.0,0.0,0.0,0.4166666666666667,0.5833333333333334,"{""auv_01"": 20.0, ""auv_00"": 40.0, ""auv_02"": 40.0, ""auv_10"": 60.0, ""auv_08"": 60.0}",55168,-30.0449,0,0.489216799091941,"{""fresh"": {""proposed"": 174, ""ALLOW"": 0, ""DENY"": 174, ""DEFER"": 0, ""fraction_of_consequential"": 0.48739495798319327}, ""aging"": {""proposed"": 46, ""ALLOW"": 0, ""DENY"": 46, ""DEFER"": 0, ""fraction_of_consequential"": 0.12885154061624648}, ""stale"": {""proposed"": 107, ""ALLOW"": 0, ""DENY"": 107, ""DEFER"": 0, ""fraction_of_consequential"": 0.29971988795518206}, ""hard_expired"": {""proposed"": 30, ""ALLOW"": 0, ""DENY"": 30, ""DEFER"": 0, ""fraction_of_consequential"": 0.08403361344537816}}","{""ALLOW_LOW_RISK"": 483, ""DENY_STATIC_BOUND"": 357}",paper_risk_bounded_v1_2026-09-28,2b57f0306d7d046282b408e30dff6ff11becf581
B4,paper_ssp_200m_v1,1000,0,partial,60.0,0,0.0,0.0,0.014492753623188406,0.8,0.4166666666666667,0.5833333333333334,"{""auv_01"": 20.0, ""auv_02"": 40.0, ""auv_00"": 40.0, ""auv_10"": 60.0, ""auv_08"": 60.0}",55168,0.9551499999999999,1,0.489216799091941,"{""fresh"": {""proposed"": 174, ""ALLOW"": 4, ""DENY"": 170, ""DEFER"": 0, ""fraction_of_consequential"": 0.48739495798319327}, ""aging"": {""proposed"": 46, ""ALLOW"": 0, ""DENY"": 46, ""DEFER"": 0, ""fraction_of_consequential"": 0.12885154061624648}, ""stale"": {""proposed"": 107, ""ALLOW"": 0, ""DENY"": 107, ""DEFER"": 0, ""fraction_of_consequential"": 0.29971988795518206}, ""hard_expired"": {""proposed"": 30, ""ALLOW"": 0, ""DENY"": 30, ""DEFER"": 0, ""fraction_of_consequential"": 0.08403361344537816}}","{""ALLOW_LOW_RISK"": 471, ""DENY_FORBIDDEN"": 319, ""ALLOW_AUTHORIZED"": 4, ""DENY_CONDITIONAL_UNMET"": 1, ""DENY_HARD_EXPIRY"": 30, ""DENY_RECOVERING_HARD_SAFETY"": 15}",paper_risk_bounded_v1_2026-09-28,2b57f0306d7d046282b408e30dff6ff11becf581
B5_nominal,paper_ssp_200m_v1,1000,0,partial,60.0,83,0.9325842696629213,0.9325842696629213,1.0,1.0,0.4166666666666667,0.5833333333333334,"{""auv_01"": 20.0, ""auv_02"": 40.0, ""auv_00"": 40.0, ""auv_10"": 60.0, ""auv_08"": 60.0}",55168,-117.08815,9,0.5414572864321608,"{""fresh"": {""proposed"": 76, ""ALLOW"": 76, ""DENY"": 0, ""DEFER"": 0, ""fraction_of_consequential"": 0.8539325842696629}, ""aging"": {""proposed"": 4, ""ALLOW"": 4, ""DENY"": 0, ""DEFER"": 0, ""fraction_of_consequential"": 0.0449438202247191}, ""stale"": {""proposed"": 5, ""ALLOW"": 5, ""DENY"": 0, ""DEFER"": 0, ""fraction_of_consequential"": 0.056179775280898875}, ""hard_expired"": {""proposed"": 4, ""ALLOW"": 4, ""DENY"": 0, ""DEFER"": 0, ""fraction_of_consequential"": 0.0449438202247191}}","{""ALLOW_LOW_RISK"": 751, ""ALLOW_AUTHORIZED"": 89}",paper_risk_bounded_v1_2026-09-28,2b57f0306d7d046282b408e30dff6ff11becf581
B3,paper_ssp_200m_v1,0,1,idle,0.0,0,0.0,0.0,0.0,0.0,,,{},73472,-30.0462,0,0.6861924686192469,"{""fresh"": {""proposed"": 344, ""ALLOW"": 0, ""DENY"": 344, ""DEFER"": 0, ""fraction_of_consequential"": 1.0}, ""aging"": {""proposed"": 0, ""ALLOW"": 0, ""DENY"": 0, ""DEFER"": 0, ""fraction_of_consequential"": 0.0}, ""stale"": {""proposed"": 0, ""ALLOW"": 0, ""DENY"": 0, ""DEFER"": 0, ""fraction_of_consequential"": 0.0}, ""hard_expired"": {""proposed"": 0, ""ALLOW"": 0, ""DENY"": 0, ""DEFER"": 0, ""fraction_of_consequential"": 0.0}}","{""ALLOW_LOW_RISK"": 496, ""DENY_STATIC_BOUND"": 344}",paper_risk_bounded_v1_2026-09-28,2b57f0306d7d046282b408e30dff6ff11becf581
B4,paper_ssp_200m_v1,0,1,idle,0.0,0,0.0,0.0,0.0035714285714285713,1.0,,,{},73472,-18.0462,0,0.6861924686192469,"{""fresh"": {""proposed"": 344, ""ALLOW"": 1, ""DENY"": 343, ""DEFER"": 0, ""fraction_of_consequential"": 1.0}, ""aging"": {""proposed"": 0, ""ALLOW"": 0, ""DENY"": 0, ""DEFER"": 0, ""fraction_of_consequential"": 0.0}, ""stale"": {""proposed"": 0, ""ALLOW"": 0, ""DENY"": 0, ""DEFER"": 0, ""fraction_of_consequential"": 0.0}, ""hard_expired"": {""proposed"": 0, ""ALLOW"": 0, ""DENY"": 0, ""DEFER"": 0, ""fraction_of_consequential"": 0.0}}","{""ALLOW_LOW_RISK"": 496, ""DENY_FORBIDDEN"": 343, ""ALLOW_AUTHORIZED"": 1}",paper_risk_bounded_v1_2026-09-28,2b57f0306d7d046282b408e30dff6ff11becf581
B5_nominal,paper_ssp_200m_v1,0,1,idle,0.0,69,0.9857142857142858,0.9857142857142858,1.0,1.0,,,{},73472,47.9171,1,0.7638057218895542,"{""fresh"": {""proposed"": 70, ""ALLOW"": 70, ""DENY"": 0, ""DEFER"": 0, ""fraction_of_consequential"": 1.0}, ""aging"": {""proposed"": 0, ""ALLOW"": 0, ""DENY"": 0, ""DEFER"": 0, ""fraction_of_consequential"": 0.0}, ""stale"": {""proposed"": 0, ""ALLOW"": 0, ""DENY"": 0, ""DEFER"": 0, ""fraction_of_consequential"": 0.0}, ""hard_expired"": {""proposed"": 0, ""ALLOW"": 0, ""DENY"": 0, ""DEFER"": 0, ""fraction_of_consequential"": 0.0}}","{""ALLOW_LOW_RISK"": 770, ""ALLOW_AUTHORIZED"": 70}",paper_risk_bounded_v1_2026-09-28,2b57f0306d7d046282b408e30dff6ff11becf581
B3,paper_ssp_200m_v1,500,1,partial,40.0,0,0.0,0.0,0.0,0.0,0.25,0.75,"{""auv_03"": 20.0, ""auv_00"": 40.0, ""auv_01"": 40.0}",64256,-30.0456,0,0.5849111564229537,"{""fresh"": {""proposed"": 274, ""ALLOW"": 0, ""DENY"": 274, ""DEFER"": 0, ""fraction_of_consequential"": 0.7828571428571428}, ""aging"": {""proposed"": 46, ""ALLOW"": 0, ""DENY"": 46, ""DEFER"": 0, ""fraction_of_consequential"": 0.13142857142857142}, ""stale"": {""proposed"": 30, ""ALLOW"": 0, ""DENY"": 30, ""DEFER"": 0, ""fraction_of_consequential"": 0.08571428571428572}, ""hard_expired"": {""proposed"": 0, ""ALLOW"": 0, ""DENY"": 0, ""DEFER"": 0, ""fraction_of_consequential"": 0.0}}","{""ALLOW_LOW_RISK"": 490, ""DENY_STATIC_BOUND"": 350}",paper_risk_bounded_v1_2026-09-28,2b57f0306d7d046282b408e30dff6ff11becf581
B4,paper_ssp_200m_v1,500,1,partial,40.0,0,0.0,0.0,0.014336917562724014,0.8,0.25,0.75,"{""auv_03"": 20.0, ""auv_01"": 40.0, ""auv_00"": 40.0}",64256,0.95395,1,0.5849111564229537,"{""fresh"": {""proposed"": 274, ""ALLOW"": 4, ""DENY"": 270, ""DEFER"": 0, ""fraction_of_consequential"": 0.7828571428571428}, ""aging"": {""proposed"": 46, ""ALLOW"": 0, ""DENY"": 46, ""DEFER"": 0, ""fraction_of_consequential"": 0.13142857142857142}, ""stale"": {""proposed"": 30, ""ALLOW"": 0, ""DENY"": 30, ""DEFER"": 0, ""fraction_of_consequential"": 0.08571428571428572}, ""hard_expired"": {""proposed"": 0, ""ALLOW"": 0, ""DENY"": 0, ""DEFER"": 0, ""fraction_of_consequential"": 0.0}}","{""ALLOW_LOW_RISK"": 490, ""DENY_FORBIDDEN"": 330, ""ALLOW_AUTHORIZED"": 4, ""DENY_CONDITIONAL_UNMET"": 1, ""DENY_RECOVERING_HARD_SAFETY"": 15}",paper_risk_bounded_v1_2026-09-28,2b57f0306d7d046282b408e30dff6ff11becf581
B5_nominal,paper_ssp_200m_v1,500,1,partial,40.0,79,0.9294117647058824,0.9294117647058824,1.0,1.0,0.25,0.75,"{""auv_03"": 20.0, ""auv_00"": 40.0, ""auv_01"": 40.0}",64256,-77.08455,9,0.6492078887811187,"{""fresh"": {""proposed"": 76, ""ALLOW"": 76, ""DENY"": 0, ""DEFER"": 0, ""fraction_of_consequential"": 0.8941176470588236}, ""aging"": {""proposed"": 4, ""ALLOW"": 4, ""DENY"": 0, ""DEFER"": 0, ""fraction_of_consequential"": 0.047058823529411764}, ""stale"": {""proposed"": 5, ""ALLOW"": 5, ""DENY"": 0, ""DEFER"": 0, ""fraction_of_consequential"": 0.058823529411764705}, ""hard_expired"": {""proposed"": 0, ""ALLOW"": 0, ""DENY"": 0, ""DEFER"": 0, ""fraction_of_consequential"": 0.0}}","{""ALLOW_LOW_RISK"": 755, ""ALLOW_AUTHORIZED"": 85}",paper_risk_bounded_v1_2026-09-28,2b57f0306d7d046282b408e30dff6ff11becf581
B3,paper_ssp_200m_v1,1000,1,partial,60.0,0,0.0,0.0,0.0,0.0,0.25,0.75,"{""auv_01"": 20.0, ""auv_02"": 40.0, ""auv_00"": 60.0}",52608,-30.0449,0,0.47735191637630664,"{""fresh"": {""proposed"": 174, ""ALLOW"": 0, ""DENY"": 174, ""DEFER"": 0, ""fraction_of_consequential"": 0.48739495798319327}, ""aging"": {""proposed"": 46, ""ALLOW"": 0, ""DENY"": 46, ""DEFER"": 0, ""fraction_of_consequential"": 0.12885154061624648}, ""stale"": {""proposed"": 107, ""ALLOW"": 0, ""DENY"": 107, ""DEFER"": 0, ""fraction_of_consequential"": 0.29971988795518206}, ""hard_expired"": {""proposed"": 30, ""ALLOW"": 0, ""DENY"": 30, ""DEFER"": 0, ""fraction_of_consequential"": 0.08403361344537816}}","{""ALLOW_LOW_RISK"": 483, ""DENY_STATIC_BOUND"": 357}",paper_risk_bounded_v1_2026-09-28,2b57f0306d7d046282b408e30dff6ff11becf581
B4,paper_ssp_200m_v1,1000,1,partial,60.0,0,0.0,0.0,0.014492753623188406,0.8,0.25,0.75,"{""auv_01"": 20.0, ""auv_02"": 40.0, ""auv_00"": 60.0}",52608,0.9551499999999999,1,0.47735191637630664,"{""fresh"": {""proposed"": 174, ""ALLOW"": 4, ""DENY"": 170, ""DEFER"": 0, ""fraction_of_consequential"": 0.48739495798319327}, ""aging"": {""proposed"": 46, ""ALLOW"": 0, ""DENY"": 46, ""DEFER"": 0, ""fraction_of_consequential"": 0.12885154061624648}, ""stale"": {""proposed"": 107, ""ALLOW"": 0, ""DENY"": 107, ""DEFER"": 0, ""fraction_of_consequential"": 0.29971988795518206}, ""hard_expired"": {""proposed"": 30, ""ALLOW"": 0, ""DENY"": 30, ""DEFER"": 0, ""fraction_of_consequential"": 0.08403361344537816}}","{""ALLOW_LOW_RISK"": 471, ""DENY_FORBIDDEN"": 319, ""ALLOW_AUTHORIZED"": 4, ""DENY_CONDITIONAL_UNMET"": 1, ""DENY_HARD_EXPIRY"": 30, ""DENY_RECOVERING_HARD_SAFETY"": 15}",paper_risk_bounded_v1_2026-09-28,2b57f0306d7d046282b408e30dff6ff11becf581
B5_nominal,paper_ssp_200m_v1,1000,1,partial,60.0,83,0.9325842696629213,0.9325842696629213,1.0,1.0,0.25,0.75,"{""auv_01"": 20.0, ""auv_02"": 40.0, ""auv_00"": 60.0}",52608,-117.08815,9,0.529639175257732,"{""fresh"": {""proposed"": 76, ""ALLOW"": 76, ""DENY"": 0, ""DEFER"": 0, ""fraction_of_consequential"": 0.8539325842696629}, ""aging"": {""proposed"": 4, ""ALLOW"": 4, ""DENY"": 0, ""DEFER"": 0, ""fraction_of_consequential"": 0.0449438202247191}, ""stale"": {""proposed"": 5, ""ALLOW"": 5, ""DENY"": 0, ""DEFER"": 0, ""fraction_of_consequential"": 0.056179775280898875}, ""hard_expired"": {""proposed"": 4, ""ALLOW"": 4, ""DENY"": 0, ""DEFER"": 0, ""fraction_of_consequential"": 0.0449438202247191}}","{""ALLOW_LOW_RISK"": 751, ""ALLOW_AUTHORIZED"": 89}",paper_risk_bounded_v1_2026-09-28,2b57f0306d7d046282b408e30dff6ff11becf581
B3,paper_ssp_200m_v1,0,2,idle,0.0,0,0.0,0.0,0.0,0.0,,,{},74496,-30.0462,0,0.6891651865008881,"{""fresh"": {""proposed"": 344, ""ALLOW"": 0, ""DENY"": 344, ""DEFER"": 0, ""fraction_of_consequential"": 1.0}, ""aging"": {""proposed"": 0, ""ALLOW"": 0, ""DENY"": 0, ""DEFER"": 0, ""fraction_of_consequential"": 0.0}, ""stale"": {""proposed"": 0, ""ALLOW"": 0, ""DENY"": 0, ""DEFER"": 0, ""fraction_of_consequential"": 0.0}, ""hard_expired"": {""proposed"": 0, ""ALLOW"": 0, ""DENY"": 0, ""DEFER"": 0, ""fraction_of_consequential"": 0.0}}","{""ALLOW_LOW_RISK"": 496, ""DENY_STATIC_BOUND"": 344}",paper_risk_bounded_v1_2026-09-28,2b57f0306d7d046282b408e30dff6ff11becf581
B4,paper_ssp_200m_v1,0,2,idle,0.0,0,0.0,0.0,0.0035714285714285713,1.0,,,{},74496,-18.0462,0,0.6891651865008881,"{""fresh"": {""proposed"": 344, ""ALLOW"": 1, ""DENY"": 343, ""DEFER"": 0, ""fraction_of_consequential"": 1.0}, ""aging"": {""proposed"": 0, ""ALLOW"": 0, ""DENY"": 0, ""DEFER"": 0, ""fraction_of_consequential"": 0.0}, ""stale"": {""proposed"": 0, ""ALLOW"": 0, ""DENY"": 0, ""DEFER"": 0, ""fraction_of_consequential"": 0.0}, ""hard_expired"": {""proposed"": 0, ""ALLOW"": 0, ""DENY"": 0, ""DEFER"": 0, ""fraction_of_consequential"": 0.0}}","{""ALLOW_LOW_RISK"": 496, ""DENY_FORBIDDEN"": 343, ""ALLOW_AUTHORIZED"": 1}",paper_risk_bounded_v1_2026-09-28,2b57f0306d7d046282b408e30dff6ff11becf581
B5_nominal,paper_ssp_200m_v1,0,2,idle,0.0,69,0.9857142857142858,0.9857142857142858,1.0,1.0,,,{},74496,47.9171,1,0.7662936142198815,"{""fresh"": {""proposed"": 70, ""ALLOW"": 70, ""DENY"": 0, ""DEFER"": 0, ""fraction_of_consequential"": 1.0}, ""aging"": {""proposed"": 0, ""ALLOW"": 0, ""DENY"": 0, ""DEFER"": 0, ""fraction_of_consequential"": 0.0}, ""stale"": {""proposed"": 0, ""ALLOW"": 0, ""DENY"": 0, ""DEFER"": 0, ""fraction_of_consequential"": 0.0}, ""hard_expired"": {""proposed"": 0, ""ALLOW"": 0, ""DENY"": 0, ""DEFER"": 0, ""fraction_of_consequential"": 0.0}}","{""ALLOW_LOW_RISK"": 770, ""ALLOW_AUTHORIZED"": 70}",paper_risk_bounded_v1_2026-09-28,2b57f0306d7d046282b408e30dff6ff11becf581
B3,paper_ssp_200m_v1,500,2,partial,40.0,0,0.0,0.0,0.0,0.0,0.4166666666666667,0.5833333333333334,"{""auv_03"": 20.0, ""auv_07"": 20.0, ""auv_00"": 40.0, ""auv_06"": 40.0, ""auv_01"": 40.0}",70912,-30.0456,0,0.6086240043943971,"{""fresh"": {""proposed"": 274, ""ALLOW"": 0, ""DENY"": 274, ""DEFER"": 0, ""fraction_of_consequential"": 0.7828571428571428}, ""aging"": {""proposed"": 46, ""ALLOW"": 0, ""DENY"": 46, ""DEFER"": 0, ""fraction_of_consequential"": 0.13142857142857142}, ""stale"": {""proposed"": 30, ""ALLOW"": 0, ""DENY"": 30, ""DEFER"": 0, ""fraction_of_consequential"": 0.08571428571428572}, ""hard_expired"": {""proposed"": 0, ""ALLOW"": 0, ""DENY"": 0, ""DEFER"": 0, ""fraction_of_consequential"": 0.0}}","{""ALLOW_LOW_RISK"": 490, ""DENY_STATIC_BOUND"": 350}",paper_risk_bounded_v1_2026-09-28,2b57f0306d7d046282b408e30dff6ff11becf581
B4,paper_ssp_200m_v1,500,2,partial,40.0,0,0.0,0.0,0.014336917562724014,0.8,0.4166666666666667,0.5833333333333334,"{""auv_07"": 20.0, ""auv_03"": 20.0, ""auv_01"": 40.0, ""auv_06"": 40.0, ""auv_00"": 40.0}",70912,0.95395,1,0.6086240043943971,"{""fresh"": {""proposed"": 274, ""ALLOW"": 4, ""DENY"": 270, ""DEFER"": 0, ""fraction_of_consequential"": 0.7828571428571428}, ""aging"": {""proposed"": 46, ""ALLOW"": 0, ""DENY"": 46, ""DEFER"": 0, ""fraction_of_consequential"": 0.13142857142857142}, ""stale"": {""proposed"": 30, ""ALLOW"": 0, ""DENY"": 30, ""DEFER"": 0, ""fraction_of_consequential"": 0.08571428571428572}, ""hard_expired"": {""proposed"": 0, ""ALLOW"": 0, ""DENY"": 0, ""DEFER"": 0, ""fraction_of_consequential"": 0.0}}","{""ALLOW_LOW_RISK"": 490, ""DENY_FORBIDDEN"": 333, ""ALLOW_AUTHORIZED"": 4, ""DENY_CONDITIONAL_UNMET"": 1, ""DENY_RECOVERING_HARD_SAFETY"": 12}",paper_risk_bounded_v1_2026-09-28,2b57f0306d7d046282b408e30dff6ff11becf581
B5_nominal,paper_ssp_200m_v1,500,2,partial,40.0,79,0.9294117647058824,0.9294117647058824,1.0,1.0,0.4166666666666667,0.5833333333333334,"{""auv_03"": 20.0, ""auv_07"": 20.0, ""auv_00"": 40.0, ""auv_01"": 40.0, ""auv_06"": 40.0}",70912,-77.08455,9,0.6713117237200849,"{""fresh"": {""proposed"": 76, ""ALLOW"": 76, ""DENY"": 0, ""DEFER"": 0, ""fraction_of_consequential"": 0.8941176470588236}, ""aging"": {""proposed"": 4, ""ALLOW"": 4, ""DENY"": 0, ""DEFER"": 0, ""fraction_of_consequential"": 0.047058823529411764}, ""stale"": {""proposed"": 5, ""ALLOW"": 5, ""DENY"": 0, ""DEFER"": 0, ""fraction_of_consequential"": 0.058823529411764705}, ""hard_expired"": {""proposed"": 0, ""ALLOW"": 0, ""DENY"": 0, ""DEFER"": 0, ""fraction_of_consequential"": 0.0}}","{""ALLOW_LOW_RISK"": 755, ""ALLOW_AUTHORIZED"": 85}",paper_risk_bounded_v1_2026-09-28,2b57f0306d7d046282b408e30dff6ff11becf581
B3,paper_ssp_200m_v1,1000,2,partial,60.0,0,0.0,0.0,0.0,0.0,0.5,0.5,"{""auv_01"": 20.0, ""auv_02"": 40.0, ""auv_10"": 60.0, ""auv_08"": 60.0, ""auv_07"": 60.0, ""auv_00"": 60.0}",56960,-30.0449,0,0.4972067039106145,"{""fresh"": {""proposed"": 174, ""ALLOW"": 0, ""DENY"": 174, ""DEFER"": 0, ""fraction_of_consequential"": 0.48739495798319327}, ""aging"": {""proposed"": 46, ""ALLOW"": 0, ""DENY"": 46, ""DEFER"": 0, ""fraction_of_consequential"": 0.12885154061624648}, ""stale"": {""proposed"": 107, ""ALLOW"": 0, ""DENY"": 107, ""DEFER"": 0, ""fraction_of_consequential"": 0.29971988795518206}, ""hard_expired"": {""proposed"": 30, ""ALLOW"": 0, ""DENY"": 30, ""DEFER"": 0, ""fraction_of_consequential"": 0.08403361344537816}}","{""ALLOW_LOW_RISK"": 483, ""DENY_STATIC_BOUND"": 357}",paper_risk_bounded_v1_2026-09-28,2b57f0306d7d046282b408e30dff6ff11becf581
B4,paper_ssp_200m_v1,1000,2,partial,60.0,0,0.0,0.0,0.014492753623188406,0.8,0.5,0.5,"{""auv_01"": 20.0, ""auv_02"": 40.0, ""auv_07"": 60.0, ""auv_00"": 60.0, ""auv_10"": 60.0, ""auv_08"": 60.0}",56960,0.9551499999999999,1,0.4972067039106145,"{""fresh"": {""proposed"": 174, ""ALLOW"": 4, ""DENY"": 170, ""DEFER"": 0, ""fraction_of_consequential"": 0.48739495798319327}, ""aging"": {""proposed"": 46, ""ALLOW"": 0, ""DENY"": 46, ""DEFER"": 0, ""fraction_of_consequential"": 0.12885154061624648}, ""stale"": {""proposed"": 107, ""ALLOW"": 0, ""DENY"": 107, ""DEFER"": 0, ""fraction_of_consequential"": 0.29971988795518206}, ""hard_expired"": {""proposed"": 30, ""ALLOW"": 0, ""DENY"": 30, ""DEFER"": 0, ""fraction_of_consequential"": 0.08403361344537816}}","{""ALLOW_LOW_RISK"": 471, ""DENY_FORBIDDEN"": 319, ""ALLOW_AUTHORIZED"": 4, ""DENY_CONDITIONAL_UNMET"": 1, ""DENY_HARD_EXPIRY"": 30, ""DENY_RECOVERING_HARD_SAFETY"": 15}",paper_risk_bounded_v1_2026-09-28,2b57f0306d7d046282b408e30dff6ff11becf581
B5_nominal,paper_ssp_200m_v1,1000,2,partial,60.0,83,0.9325842696629213,0.9325842696629213,1.0,1.0,0.5,0.5,"{""auv_01"": 20.0, ""auv_02"": 40.0, ""auv_07"": 60.0, ""auv_00"": 60.0, ""auv_10"": 60.0, ""auv_08"": 60.0}",56960,-117.08815,9,0.5493827160493827,"{""fresh"": {""proposed"": 76, ""ALLOW"": 76, ""DENY"": 0, ""DEFER"": 0, ""fraction_of_consequential"": 0.8539325842696629}, ""aging"": {""proposed"": 4, ""ALLOW"": 4, ""DENY"": 0, ""DEFER"": 0, ""fraction_of_consequential"": 0.0449438202247191}, ""stale"": {""proposed"": 5, ""ALLOW"": 5, ""DENY"": 0, ""DEFER"": 0, ""fraction_of_consequential"": 0.056179775280898875}, ""hard_expired"": {""proposed"": 4, ""ALLOW"": 4, ""DENY"": 0, ""DEFER"": 0, ""fraction_of_consequential"": 0.0449438202247191}}","{""ALLOW_LOW_RISK"": 751, ""ALLOW_AUTHORIZED"": 89}",paper_risk_bounded_v1_2026-09-28,2b57f0306d7d046282b408e30dff6ff11becf581
