outage,metric,n,mean,ci95_lo,ci95_hi
0,mission_utility,30,-18.04609333333333,-18.04624467185254,-18.04594199481412
0,hard_safety_violation_rate,30,0.0,0.0,0.0
0,safe_useful_retention,30,0.9466666666666667,0.8709974070625042,1.0223359262708291
0,semantic_conflicts_per_mission,30,0.0,0.0,0.0
0,mission_completion_ratio,30,0.5,0.5,0.5
0,missed_mandatory,30,6.0,6.0,6.0
0,useful_reassignment_count,30,1.0,1.0,1.0
0,duplicate_work_count,30,0.0,0.0,0.0
0,energy_total_j,30,9313.1344,9279.791449391203,9346.477350608799
0,governance_tx_bytes,30,71227.73333333334,62413.038537618304,80042.42812904836
0,mission_tx_bytes,30,23240.0,17560.97606542863,28919.02393457137
0,gco,30,0.7382956531639217,0.6565893570193476,0.8200019493084957
0,auv_reauth_fraction,0,nan,nan,nan
0,recon_latency_s,30,0.0,0.0,0.0
150,mission_utility,30,-0.31299333333333335,-2.109963263769359,1.483976597102692
150,hard_safety_violation_rate,30,0.0,0.0,0.0
150,safe_useful_retention,30,0.7600000000000001,0.7032480552968782,0.8167519447031221
150,semantic_conflicts_per_mission,30,0.9333333333333333,0.8387467588281302,1.0279199078385366
150,mission_completion_ratio,30,0.5777777777777778,0.5698955632356776,0.5856599923198781
150,missed_mandatory,30,5.066666666666666,4.972080092161463,5.1612532411718695
150,useful_reassignment_count,30,1.0,1.0,1.0
150,duplicate_work_count,30,0.0,0.0,0.0
150,energy_total_j,30,9366.5936,9327.793347437526,9405.393852562474
150,governance_tx_bytes,30,74436.26666666666,65116.312567354275,83756.22076597906
150,mission_tx_bytes,30,26824.0,21425.20447290715,32222.79552709285
150,gco,30,0.7167547433898427,0.6380536258259091,0.7954558609537763
150,auv_reauth_fraction,30,0.21666666666666667,0.160376395655838,0.27295693767749535
150,recon_latency_s,30,50.666666666666664,46.883203686458536,54.45012964687479
300,mission_utility,30,-0.3128066666666662,-2.1097955144175926,1.4841821810842604
300,hard_safety_violation_rate,30,0.0,0.0,0.0
300,safe_useful_retention,30,0.7600000000000001,0.7032480552968782,0.8167519447031221
300,semantic_conflicts_per_mission,30,0.9333333333333333,0.8387467588281302,1.0279199078385366
300,mission_completion_ratio,30,0.5777777777777778,0.5698955632356776,0.5856599923198781
300,missed_mandatory,30,5.066666666666666,4.972080092161463,5.1612532411718695
300,useful_reassignment_count,30,1.0,1.0,1.0
300,duplicate_work_count,30,0.0,0.0,0.0
300,energy_total_j,30,9330.4976,9295.409589409528,9365.585610590473
300,governance_tx_bytes,30,72537.6,63801.30648858048,81273.89351141953
300,mission_tx_bytes,30,29960.0,24797.912240824022,35122.08775917598
300,gco,30,0.690522816274686,0.6146074207515108,0.7664382117978613
300,auv_reauth_fraction,30,0.31388888888888894,0.27678323162508156,0.3509945461526963
300,recon_latency_s,30,53.333333333333336,49.75829685467262,56.90836981199405
500,mission_utility,30,-0.31261999999999995,-2.1096277650658277,1.484387765065828
500,hard_safety_violation_rate,30,0.0,0.0,0.0
500,safe_useful_retention,30,0.7600000000000001,0.7032480552968782,0.8167519447031221
500,semantic_conflicts_per_mission,30,0.9333333333333333,0.8387467588281302,1.0279199078385366
500,mission_completion_ratio,30,0.5777777777777778,0.5698955632356776,0.5856599923198781
500,missed_mandatory,30,5.066666666666666,4.972080092161463,5.1612532411718695
500,useful_reassignment_count,30,1.0,1.0,1.0
500,duplicate_work_count,30,0.0,0.0,0.0
500,energy_total_j,30,9289.644266666668,9258.692234004056,9320.59629932928
500,governance_tx_bytes,30,64537.6,56878.05029684879,72197.14970315121
500,mission_tx_bytes,30,34440.0,29599.920785168048,39280.07921483195
500,gco,30,0.6381203068523115,0.5673035321778269,0.708937081526796
500,auv_reauth_fraction,30,0.20833333333333331,0.15689363302122775,0.2597730336454389
500,recon_latency_s,30,54.666666666666664,51.31298517837589,58.02034815495744
750,mission_utility,30,-0.3123399999999999,-2.109376141038179,1.4846961410381794
750,hard_safety_violation_rate,30,0.0,0.0,0.0
750,safe_useful_retention,30,0.7600000000000001,0.7032480552968782,0.8167519447031221
750,semantic_conflicts_per_mission,30,0.9333333333333333,0.8387467588281302,1.0279199078385366
750,mission_completion_ratio,30,0.5777777777777778,0.5698955632356776,0.5856599923198781
750,missed_mandatory,30,5.066666666666666,4.972080092161463,5.1612532411718695
750,useful_reassignment_count,30,1.0,1.0,1.0
750,duplicate_work_count,30,0.0,0.0,0.0
750,energy_total_j,30,9233.994133333334,9208.667737748827,9259.32052891784
750,governance_tx_bytes,30,59063.46666666667,51743.07533019077,66383.85800314257
750,mission_tx_bytes,30,40264.0,35808.028984787146,44719.971015212854
750,gco,30,0.5804303003417567,0.5142048232326325,0.6466557774508809
750,auv_reauth_fraction,30,0.3888888888888889,0.33216666666666667,0.4456111111111111
750,recon_latency_s,30,50.0,46.2081011944246,53.7918988055754
1000,mission_utility,30,-0.3119666666666667,-2.109040642334648,1.4851073090013145
1000,hard_safety_violation_rate,30,0.0,0.0,0.0
1000,safe_useful_retention,30,0.7600000000000001,0.7032480552968782,0.8167519447031221
1000,semantic_conflicts_per_mission,30,0.9333333333333333,0.8387467588281302,1.0279199078385366
1000,mission_completion_ratio,30,0.5777777777777778,0.5698955632356776,0.5856599923198781
1000,missed_mandatory,30,5.066666666666666,4.972080092161463,5.1612532411718695
1000,useful_reassignment_count,30,1.0,1.0,1.0
1000,duplicate_work_count,30,0.0,0.0,0.0
1000,energy_total_j,30,9157.151466666666,9139.511533687733,9174.791399645599
1000,governance_tx_bytes,30,51511.46666666667,45408.60860893362,57614.32472439972
1000,mission_tx_bytes,30,45640.0,41495.359202013875,49784.640797986125
1000,gco,30,0.5197632395462491,0.46044877157443503,0.5790777075180633
1000,auv_reauth_fraction,30,0.3055555555555556,0.2563762394781386,0.35473487163297257
1000,recon_latency_s,30,60.0,60.0,60.0
