pair,outage,n,n_cells,mission_utility_mean,mission_utility_ci95_lo,mission_utility_ci95_hi,hard_safety_violation_rate_mean,hard_safety_violation_rate_ci95_lo,hard_safety_violation_rate_ci95_hi,safe_useful_retention_mean,safe_useful_retention_ci95_lo,safe_useful_retention_ci95_hi,semantic_conflicts_per_mission_mean,semantic_conflicts_per_mission_ci95_lo,semantic_conflicts_per_mission_ci95_hi,governance_tx_bytes_mean,governance_tx_bytes_ci95_lo,governance_tx_bytes_ci95_hi,mission_tx_bytes_mean,mission_tx_bytes_ci95_lo,mission_tx_bytes_ci95_hi,gco_mean,gco_ci95_lo,gco_ci95_hi,auv_reauth_fraction_mean,auv_reauth_fraction_ci95_lo,auv_reauth_fraction_ci95_hi
B4v2-B5_nominal,0,30,30,-54.96284333333333,-70.57027604472722,-39.35541062193945,-0.982172284644195,-0.9871976708659,-0.97714689842249,-0.05333333333333334,-0.12900259293749586,0.02233592627082919,-1.5333333333333334,-2.2900259293749587,-0.776640737291708,0.0,0.0,0.0,6074.666666666667,4778.677333333334,7370.656,-0.05156670016143257,-0.06064890908711629,-0.04248449123574885,nan,nan,nan
B4v2-B5_nominal,150,30,30,-31.63525000000001,-44.87860005619702,-18.391899943802997,-0.9218214074512125,-0.9229121455960094,-0.9207306693064157,-0.23999999999999996,-0.2967519447031219,-0.18324805529687804,-1.5333333333333334,-2.2900259293749587,-0.776640737291708,0.0,0.0,0.0,6074.666666666667,4778.677333333334,7370.656,-0.04640143806975042,-0.054577356986588436,-0.0382255191529124,0.0,0.0,0.0
B4v2-B5_nominal,300,30,30,20.634963333333335,12.68882087841082,28.58110578825585,-0.9255056179775283,-0.9262229880650678,-0.9247882478899888,-0.23999999999999996,-0.2967519447031219,-0.18324805529687804,-5.266666666666667,-5.64501296468748,-4.888320368645854,0.0,0.0,0.0,6074.666666666667,4778.677333333334,7370.656,-0.04377875889108497,-0.051438690801762804,-0.03611882698040714,0.0,0.0,0.0
B4v2-B5_nominal,500,30,30,79.43883666666667,77.45204093985616,81.42563239347719,-0.9296232650363516,-0.9299233414128387,-0.9293231886598645,-0.23999999999999996,-0.2967519447031219,-0.18324805529687804,-8.066666666666666,-8.16125324117187,-7.972080092161463,0.0,0.0,0.0,6074.666666666667,4778.677333333334,7370.656,-0.041648286959933466,-0.04874539440220909,-0.03455117951765784,0.0,0.0,0.0
B4v2-B5_nominal,750,30,30,79.43911666666665,77.45234931582849,81.42588401750481,-0.9296232650363516,-0.9299233414128387,-0.9293231886598645,-0.23999999999999996,-0.2967519447031219,-0.18324805529687804,-8.066666666666666,-8.16125324117187,-7.972080092161463,0.0,0.0,0.0,6074.666666666667,4778.677333333334,7370.656,-0.037642313016048215,-0.04409963815402633,-0.0311849878780701,0.0,0.0,0.0
B4v2-B5_nominal,1000,30,30,116.77618333333335,114.97910935766537,118.57325730900133,-0.9325842696629214,-0.9325842696629214,-0.9325842696629214,-0.23999999999999996,-0.2967519447031219,-0.18324805529687804,-8.066666666666666,-8.16125324117187,-7.972080092161463,0.0,0.0,0.0,6074.666666666667,4778.677333333334,7370.656,-0.03421972191183514,-0.039927449797557704,-0.028511994026112566,0.0,0.0,0.0
B4v2-B3,0,30,30,12.0,12.0,12.0,0.0,0.0,0.0,0.9466666666666667,0.8709974070625042,1.0223359262708291,0.0,0.0,0.0,0.0,0.0,0.0,0.0,0.0,0.0,0.0,0.0,0.0,nan,nan,nan
B4v2-B3,150,30,30,29.732913333333332,27.935810981693,31.530015684973666,0.0,0.0,0.0,0.7600000000000001,0.7032480552968782,0.8167519447031221,0.9333333333333333,0.8387467588281302,1.0279199078385366,0.0,0.0,0.0,0.0,0.0,0.0,0.0,0.0,0.0,0.0,0.0,0.0
B4v2-B3,300,30,30,29.732913333333332,27.935810981693,31.530015684973666,0.0,0.0,0.0,0.7600000000000001,0.7032480552968782,0.8167519447031221,0.9333333333333333,0.8387467588281302,1.0279199078385366,0.0,0.0,0.0,0.0,0.0,0.0,0.0,0.0,0.0,0.0,0.0,0.0
B4v2-B3,500,30,30,29.732913333333332,27.935810981693,31.530015684973666,0.0,0.0,0.0,0.7600000000000001,0.7032480552968782,0.8167519447031221,0.9333333333333333,0.8387467588281302,1.0279199078385366,0.0,0.0,0.0,0.0,0.0,0.0,0.0,0.0,0.0,0.0,0.0,0.0
B4v2-B3,750,30,30,29.732913333333332,27.935810981693,31.530015684973666,0.0,0.0,0.0,0.7600000000000001,0.7032480552968782,0.8167519447031221,0.9333333333333333,0.8387467588281302,1.0279199078385366,0.0,0.0,0.0,0.0,0.0,0.0,0.0,0.0,0.0,0.0,0.0,0.0
B4v2-B3,1000,30,30,29.732913333333332,27.935810981693,31.530015684973666,0.0,0.0,0.0,0.7600000000000001,0.7032480552968782,0.8167519447031221,0.9333333333333333,0.8387467588281302,1.0279199078385366,0.0,0.0,0.0,0.0,0.0,0.0,0.0,0.0,0.0,0.0,0.0,0.0
